PLAYER,TEAM,pullup_GP,pullup_MIN,pullup_FG3A,pullup_FGA,shooting_FGA_DRIVE,shooting_FGA_CLOSE,catchshoot_FG3A,catchshoot_FGA,drives_DVS,passing_PASS,passing_AST_POT,rebounding_OREB_CHANCE,rebounding_DREB_CHANCE,defense_BLK,defense_STL,speed_AV_SPD,touches_TCH,touches_TOP
Stephen Curry,GSW,77,36.7012987013,5.15584415584,10.3376623377,2.90909090909,0.220779220779,2.49350649351,2.96103896104,6.03896103896,53.5064935065,15.4285714286,1.20779220779,5.87012987013,0.168831168831,1.62337662338,4.2,80.8181818182,6.93896103896
Kevin Durant,OKC,81,38.8930041152,2.7037037037,8.16049382716,3.2962962963,1.04938271605,3.1975308642,4.81481481481,5.92592592593,39.3086419753,10.3086419753,1.16049382716,8.9012345679,0.728395061728,1.27160493827,3.9,70.4567901235,3.56008230453
Carmelo Anthony,NYK,77,38.9287878788,1.80519480519,8.33766233766,1.4025974026,1.22077922078,3.36363636364,5.74025974026,2.64935064935,41.0649350649,6.24675324675,2.97402597403,8.51948051948,0.662337662338,1.23376623377,3.7,70.2857142857,3.67987012987
Kyrie Irving,CLE,71,35.2960093897,2.47887323944,8.47887323944,3.53521126761,0.507042253521,2.18309859155,3.30985915493,6.60563380282,56.3661971831,11.7464788732,1.87323943662,4.87323943662,0.323943661972,1.52112676056,4.1,82.4647887324,6.20352112676
John Wall,WAS,81,36.5522633745,1.96296296296,8.88888888889,2.64197530864,0.123456790123,1.61728395062,1.81481481481,6.45679012346,70.4567901235,17.2098765432,1.0,5.46913580247,0.493827160494,1.82716049383,4.0,96.7530864198,7.99074074074
Brandon Jennings,DET,80,34.3564583333,3.5875,7.4,2.8125,0.2,2.025,2.25,5.7875,60.3125,15.0375,1.475,3.2875,0.1,1.2625,4.2,82.9,7.13958333333
Chris Paul,LAC,62,35.2639784946,2.16129032258,8.46774193548,2.53225806452,0.354838709677,1.06451612903,1.40322580645,5.56451612903,72.064516129,19.8225806452,1.35483870968,5.90322580645,0.0645161290323,2.48387096774,4.0,97.2258064516,7.33709677419
Damian Lillard,POR,82,35.981300813,3.28048780488,6.12195121951,4.46341463415,0.378048780488,3.26829268293,3.68292682927,7.73170731707,61.2682926829,10.9268292683,1.09756097561,5.70731707317,0.268292682927,0.780487804878,4.2,85.3292682927,7.05711382114
Isaiah Thomas,SAC,71,34.8823943662,2.95774647887,7.07042253521,3.84507042254,0.239436619718,2.02816901408,2.49295774648,8.45070422535,59.6056338028,13.0,1.25352112676,4.18309859155,0.112676056338,1.28169014085,4.0,86.0704225352,7.81126760563
DeMar DeRozan,TOR,78,38.3700854701,0.538461538462,7.60256410256,3.01282051282,0.410256410256,2.03846153846,4.65384615385,7.16666666667,35.4230769231,8.32051282051,1.25641025641,5.60256410256,0.358974358974,1.07692307692,4.1,62.3717948718,3.16517094017
Kemba Walker,CHA,72,35.9763888889,1.55555555556,7.61111111111,3.18055555556,0.236111111111,2.75,3.16666666667,6.15277777778,77.6805555556,12.1944444444,1.11111111111,6.47222222222,0.444444444444,1.18055555556,4.2,101.833333333,7.65439814815
James Harden,HOU,73,38.2625570776,3.15068493151,6.24657534247,3.32876712329,0.356164383562,3.24657534247,3.41095890411,6.7397260274,45.301369863,11.6164383562,1.57534246575,5.91780821918,0.397260273973,1.57534246575,3.6,73.2465753425,4.89360730594
Jamal Crawford,LAC,69,30.5809178744,2.07246376812,6.53623188406,2.02898550725,0.289855072464,4.30434782609,4.94202898551,2.8115942029,30.1594202899,5.88405797101,0.768115942029,2.66666666667,0.173913043478,0.855072463768,4.0,50.6811594203,2.66739130435
Paul George,IND,80,36.4175,1.9875,6.3875,2.175,1.0875,4.125,5.3625,4.2625,45.9875,7.425,1.9875,9.0375,0.275,1.8875,4.2,71.4875,3.42229166667
Bradley Beal,WAS,72,34.6773148148,0.958333333333,7.29166666667,1.38888888889,0.319444444444,3.68055555556,4.95833333333,3.18055555556,37.9722222222,6.11111111111,1.38888888889,4.65277777778,0.25,0.972222222222,4.3,58.625,2.25856481481
Dirk Nowitzki,DAL,80,32.9995833333,0.3125,4.9875,0.25,1.375,3.7,7.5,0.4125,42.0125,5.2625,1.025,9.4375,0.5625,0.9125,3.7,63.825,1.62020833333
Goran Dragic,PHX,76,35.3701754386,1.85526315789,5.32894736842,4.13157894737,0.368421052632,1.96052631579,2.26315789474,9.57894736842,54.6052631579,12.1578947368,1.88157894737,4.10526315789,0.289473684211,1.36842105263,4.3,78.75,6.44057017544
Monta Ellis,DAL,82,37.0020325203,0.890243902439,6.01219512195,5.25609756098,0.268292682927,1.64634146341,2.28048780488,10.1951219512,46.6341463415,11.1707317073,1.20731707317,5.0487804878,0.280487804878,1.71951219512,4.1,71.3658536585,4.56605691057
Kyle Lowry,TOR,78,36.4153846154,3.15384615385,5.78205128205,3.10256410256,0.269230769231,3.02564102564,3.14102564103,6.48717948718,68.6153846154,14.1282051282,2.58974358974,6.20512820513,0.192307692308,1.55128205128,3.9,91.7435897436,6.88098290598
Brandon Knight,MIL,72,33.5224537037,2.33333333333,6.16666666667,3.875,0.402777777778,2.19444444444,2.68055555556,6.90277777778,59.7222222222,9.91666666667,1.72222222222,5.06944444444,0.236111111111,0.958333333333,4.2,84.5138888889,6.28402777778
LeBron James,MIA,77,37.9664502165,2.06493506494,5.61038961039,3.46753246753,1.67532467532,1.57142857143,2.09090909091,7.38961038961,49.3376623377,12.0,1.5974025974,7.77922077922,0.337662337662,1.57142857143,3.8,77.6883116883,5.05086580087
Russell Westbrook,OKC,46,30.993115942,3.34782608696,8.67391304348,3.34782608696,0.630434782609,1.26086956522,1.36956521739,6.63043478261,48.3043478261,12.7173913043,2.34782608696,5.89130434783,0.152173913043,1.91304347826,4.2,75.9130434783,6.52862318841
LaMarcus Aldridge,POR,69,36.4248792271,0.130434782609,6.49275362319,0.608695652174,2.13043478261,0.0869565217391,6.71014492754,0.927536231884,41.7826086957,5.30434782609,3.98550724638,12.5942028986,0.985507246377,0.913043478261,3.9,68.5217391304,1.93140096618
Arron Afflalo,ORL,73,35.1219178082,0.835616438356,5.15068493151,1.47945205479,0.58904109589,3.17808219178,5.2602739726,3.05479452055,39.8630136986,7.34246575342,0.931506849315,5.12328767123,0.041095890411,0.479452054795,4.1,59.6438356164,2.30776255708
Mike Conley,MEM,73,33.6828767123,1.3698630137,5.24657534247,4.0,0.369863013699,2.52054794521,2.90410958904,7.52054794521,65.7808219178,11.8356164384,1.19178082192,3.80821917808,0.178082191781,1.50684931507,4.2,87.8356164384,7.4
Gerald Henderson,CHA,76,32.1910087719,0.276315789474,5.5,1.31578947368,1.05263157895,1.10526315789,2.60526315789,3.0,38.5921052632,5.35526315789,0.776315789474,5.28947368421,0.394736842105,0.671052631579,4.4,56.0657894737,1.83421052632
Jarrett Jack,CLE,80,28.2791666667,0.9375,5.25,1.4,0.1,1.3125,1.575,2.9875,44.575,8.7,0.4375,3.4625,0.275,0.7,4.1,58.4375,4.00833333333
Nick Young,LAL,64,28.4809895833,1.859375,6.0,1.875,0.359375,3.4375,4.078125,3.21875,21.90625,3.4375,0.921875,3.75,0.1875,0.71875,4.1,40.765625,1.90546875
Gerald Green,PHX,82,28.5467479675,1.64634146341,4.30487804878,1.17073170732,0.243902439024,4.40243902439,5.20731707317,2.35365853659,22.0731707317,3.12195121951,0.914634146341,4.56097560976,0.512195121951,0.853658536585,4.1,38.6585365854,1.5762195122
Dion Waiters,CLE,70,29.855,1.04285714286,5.6,3.44285714286,0.342857142857,2.47142857143,3.32857142857,7.35714285714,28.4285714286,5.77142857143,0.985714285714,3.6,0.242857142857,0.9,4.2,48.5428571429,2.85523809524
Patty Mills,SAS,81,19.0,1.20987654321,3.6049382716,0.716049382716,0.320987654321,2.7037037037,2.97530864198,1.14814814815,32.5802469136,3.79012345679,0.79012345679,2.6049382716,0.111111111111,0.83950617284,4.8,43.7037037037,2.41481481481
Mo Williams,POR,74,24.9076576577,1.01351351351,4.74324324324,1.22972972973,0.121621621622,1.94594594595,2.32432432432,3.36486486486,41.4594594595,8.58108108108,0.905405405405,2.83783783784,0.135135135135,0.743243243243,4.2,55.2837837838,4.31328828829
Ty Lawson,DEN,62,36.0524193548,1.35483870968,5.95161290323,3.56451612903,0.258064516129,1.6935483871,1.95161290323,10.7419354839,56.935483871,18.1774193548,1.29032258065,4.11290322581,0.161290322581,1.61290322581,4.0,81.3387096774,6.91827956989
Joe Johnson,BKN,78,32.7297008547,0.884615384615,4.25641025641,2.26923076923,0.820512820513,3.94871794872,4.37179487179,3.62820512821,28.9230769231,5.42307692308,1.20512820513,4.01282051282,0.128205128205,0.602564102564,3.9,46.1025641026,2.26688034188
Tony Parker,SAS,68,29.5350490196,0.117647058824,4.72058823529,4.88235294118,0.838235294118,0.852941176471,1.47058823529,10.3676470588,55.5588235294,12.0147058824,0.632352941176,2.86764705882,0.132352941176,0.529411764706,4.5,76.9705882353,6.19583333333
Jose Calderon,DAL,81,30.6018518519,1.08641975309,3.69135802469,0.679012345679,0.0864197530864,4.03703703704,4.37037037037,2.38271604938,62.3703703704,9.25925925926,0.543209876543,3.12345679012,0.135802469136,0.851851851852,4.3,76.0617283951,4.79012345679
Randy Foye,DEN,81,30.8711934156,1.87654320988,3.6049382716,1.54320987654,0.172839506173,4.0987654321,4.43209876543,3.1975308642,28.024691358,6.7037037037,0.962962962963,4.24691358025,0.481481481481,0.827160493827,4.1,43.7654320988,2.44773662551
Gordon Hayward,UTA,77,36.5463203463,0.792207792208,4.4025974026,2.1038961039,0.506493506494,2.81818181818,4.58441558442,5.49350649351,49.8831168831,11.1948051948,1.36363636364,6.16883116883,0.519480519481,1.42857142857,4.2,71.5194805195,3.54437229437
J.R. Smith,NYK,74,32.9234234234,1.60810810811,5.28378378378,1.7027027027,0.148648648649,4.67567567568,5.04054054054,3.2027027027,37.1081081081,6.05405405405,0.945945945946,5.10810810811,0.27027027027,0.878378378378,3.9,55.0135135135,2.64459459459
Jameer Nelson,ORL,68,32.1757352941,3.05882352941,4.77941176471,2.35294117647,0.294117647059,2.5,2.75,7.5,54.1176470588,14.4264705882,1.10294117647,4.92647058824,0.0735294117647,0.764705882353,3.9,73.4411764706,6.03480392157
Trey Burke,UTA,70,32.4354761905,1.07142857143,5.21428571429,2.04285714286,0.0857142857143,3.7,4.37142857143,4.87142857143,62.6714285714,10.9857142857,1.07142857143,3.55714285714,0.0857142857143,0.6,4.3,81.6142857143,6.20833333333
Jeff Teague,ATL,78,32.3594017094,1.35897435897,4.17948717949,5.03846153846,0.269230769231,1.42307692308,1.58974358974,10.2179487179,55.7820512821,13.641025641,1.14102564103,3.58974358974,0.217948717949,1.12820512821,3.9,79.2564102564,6.16452991453
Reggie Jackson,OKC,80,28.736875,1.075,4.1625,3.8,0.375,1.8875,2.025,6.325,42.5875,8.5875,1.1875,5.8125,0.1125,1.0625,4.0,60.3625,4.77270833333
Brian Roberts,NOP,72,23.2898148148,0.916666666667,4.01388888889,1.45833333333,0.111111111111,1.44444444444,2.06944444444,2.90277777778,39.4444444444,6.30555555556,0.597222222222,2.52777777778,0.0972222222222,0.597222222222,4.3,51.9166666667,4.5
Avery Bradley,BOS,60,31.2397222222,0.533333333333,5.1,1.5,0.733333333333,2.76666666667,4.88333333333,2.11666666667,29.95,3.5,1.9,5.01666666667,0.183333333333,1.05,4.3,47.7333333333,2.15916666667
Klay Thompson,GSW,80,35.6166666667,0.8125,3.9375,1.5375,0.6625,5.4625,7.6125,2.7875,18.6875,3.8375,0.925,4.5625,0.4625,0.8875,4.2,38.675,1.44916666667
Kevin Martin,MIN,68,32.0843137255,0.779411764706,4.86764705882,1.85294117647,0.985294117647,3.33823529412,4.67647058824,2.80882352941,26.9852941176,3.95588235294,0.926470588235,3.79411764706,0.0882352941176,0.970588235294,4.0,47.0882352941,1.85710784314
Deron Williams,BKN,64,32.2765625,1.53125,4.40625,2.453125,0.34375,2.5625,3.1875,5.65625,61.3125,12.625,0.65625,3.984375,0.203125,1.453125,4.1,79.234375,6.17890625
Jose Juan Barea,MIN,79,18.6898734177,1.79746835443,3.43037974684,3.15189873418,0.189873417722,1.06329113924,1.15189873418,5.6582278481,35.2151898734,7.9746835443,0.493670886076,2.78481012658,0.0,0.329113924051,4.3,48.417721519,3.66012658228
Darren Collison,LAC,80,26.0629166667,0.6125,3.6875,1.525,0.275,1.7125,1.875,3.475,41.6,7.4625,1.05,3.2,0.1875,1.1625,4.3,55.45,3.738125
Jeff Green,BOS,82,34.5103658537,1.40243902439,4.26829268293,2.53658536585,0.987804878049,3.29268292683,4.29268292683,3.93902439024,31.5731707317,3.82926829268,1.20731707317,6.74390243902,0.573170731707,0.69512195122,3.9,51.5365853659,1.89756097561
Victor Oladipo,ORL,80,31.2366666667,0.7375,3.8375,3.675,0.4375,1.975,2.1375,6.4125,46.6625,9.0875,1.2625,6.1875,0.4625,1.6125,4.2,67.65,5.71479166667
Dwyane Wade,MIA,54,33.0950617284,0.222222222222,4.66666666667,3.24074074074,2.11111111111,0.37037037037,1.38888888889,6.87037037037,37.5555555556,8.64814814815,2.22222222222,5.07407407407,0.537037037037,1.46296296296,4.0,59.8703703704,3.43425925926
Khris Middleton,MIL,81,30.333127572,0.345679012346,3.1975308642,0.987654320988,0.456790123457,3.13580246914,4.49382716049,2.01234567901,32.0617283951,4.17283950617,1.43209876543,4.91358024691,0.234567901235,1.0,4.2,46.0617283951,1.37448559671
Vince Carter,DAL,81,24.4475308642,1.27160493827,3.07407407407,1.86419753086,0.481481481481,3.0987654321,3.43209876543,3.48148148148,29.7654320988,4.83950617284,1.54320987654,5.45679012346,0.432098765432,0.753086419753,4.0,44.2345679012,1.51995884774
Michael Carter-Williams,PHI,70,34.5928571429,1.12857142857,3.97142857143,5.57142857143,0.885714285714,1.74285714286,2.04285714286,9.95714285714,62.9142857143,12.3857142857,3.41428571429,7.47142857143,0.614285714286,1.85714285714,4.6,89.2857142857,6.50166666667
Wesley Matthews,POR,82,34.0772357724,1.03658536585,3.08536585366,1.13414634146,0.792682926829,5.06097560976,5.5487804878,2.36585365854,30.0487804878,4.82926829268,1.24390243902,4.75609756098,0.170731707317,0.926829268293,4.3,46.4512195122,1.3743902439
Kevin Love,MIN,77,36.4692640693,1.32467532468,3.35064935065,0.493506493506,3.96103896104,4.94805194805,6.28571428571,1.03896103896,60.7792207792,8.44155844156,4.93506493506,14.3766233766,0.454545454545,0.766233766234,3.8,87.5974025974,2.41428571429
Eric Bledsoe,PHX,43,33.0282945736,1.74418604651,5.20930232558,3.93023255814,0.372093023256,1.41860465116,1.60465116279,7.86046511628,49.976744186,11.2558139535,1.6511627907,6.02325581395,0.325581395349,1.60465116279,4.0,72.1860465116,5.97093023256
Kirk Hinrich,CHI,73,29.0842465753,0.849315068493,3.57534246575,1.41095890411,0.164383561644,2.34246575342,2.76712328767,3.05479452055,54.4383561644,8.6301369863,0.849315068493,4.05479452055,0.356164383562,1.09589041096,4.5,68.2739726027,5.30342465753
Rodney Stuckey,DET,73,26.9166666667,0.109589041096,3.69863013699,2.78082191781,0.972602739726,1.06849315068,2.12328767123,3.90410958904,22.8493150685,4.09589041096,1.13698630137,3.28767123288,0.13698630137,0.739726027397,3.9,39.7534246575,2.31118721461
Jrue Holiday,NOP,34,33.7789215686,1.55882352941,6.29411764706,4.32352941176,0.5,0.676470588235,0.970588235294,8.08823529412,60.9411764706,14.4117647059,1.76470588235,5.64705882353,0.352941176471,1.64705882353,4.3,82.4117647059,6.56568627451
Alec Burks,UTA,78,28.1707264957,0.666666666667,3.5,3.37179487179,0.371794871795,1.14102564103,1.5641025641,5.52564102564,37.3461538462,6.0,1.92307692308,4.08974358974,0.179487179487,0.884615384615,4.2,54.3076923077,2.8014957265
Eric Gordon,NOP,64,32.3072916667,1.09375,3.53125,3.625,0.4375,2.78125,3.078125,5.5625,23.828125,6.34375,0.96875,3.5,0.1875,1.15625,4.1,42.359375,2.09036458333
Nicolas Batum,POR,82,36.2394308943,0.951219512195,2.67073170732,0.878048780488,0.524390243902,3.76829268293,4.4512195122,1.79268292683,54.1097560976,9.35365853659,2.59756097561,8.93902439024,0.69512195122,0.914634146341,4.4,70.243902439,2.06443089431
Louis Williams,ATL,59,24.1985875706,1.83050847458,3.83050847458,1.50847457627,0.101694915254,1.93220338983,2.18644067797,2.93220338983,30.6949152542,6.15254237288,0.389830508475,3.0,0.0677966101695,0.745762711864,3.9,43.3898305085,2.40282485876
Lance Stephenson,IND,78,35.4457264957,0.564102564103,2.55128205128,2.47435897436,1.0641025641,2.37179487179,2.69230769231,4.41025641026,39.2051282051,8.66666666667,2.0,8.5,0.0897435897436,0.692307692308,3.8,56.4230769231,3.01645299145
O.J. Mayo,MIL,51,25.9055555556,1.07843137255,3.88235294118,1.3137254902,0.372549019608,3.13725490196,4.09803921569,2.17647058824,25.4509803922,4.35294117647,0.921568627451,3.13725490196,0.235294117647,0.529411764706,4.0,39.9019607843,1.42254901961
Raymond Felton,NYK,65,31.1802564103,1.0,3.32307692308,2.4,0.276923076923,1.96923076923,2.61538461538,5.27692307692,56.2769230769,10.6461538462,1.89230769231,3.61538461538,0.415384615385,1.2,4.0,71.6307692308,5.45820512821
Kawhi Leonard,SAS,66,29.302020202,0.484848484848,2.63636363636,1.19696969697,1.28787878788,2.18181818182,2.57575757576,2.60606060606,28.196969697,3.75757575758,2.04545454545,7.80303030303,0.757575757576,1.72727272727,4.4,41.5757575758,1.50732323232
Markieff Morris,PHX,81,26.7181069959,0.0864197530864,2.22222222222,0.567901234568,1.88888888889,1.20987654321,2.82716049383,1.07407407407,25.8641975309,3.58024691358,3.35802469136,6.97530864198,0.62962962963,0.83950617284,3.7,41.0,1.04670781893
Jeremy Lamb,OKC,78,19.886965812,0.692307692308,2.24358974359,1.11538461538,0.346153846154,2.42307692308,3.03846153846,1.62820512821,16.0384615385,2.73076923077,0.820512820513,3.37179487179,0.333333333333,0.717948717949,4.2,26.0512820513,1.09487179487
Marcus Morris,PHX,82,22.0512195122,0.280487804878,2.42682926829,0.487804878049,0.670731707317,2.78048780488,3.32926829268,0.975609756098,21.7804878049,2.19512195122,1.67073170732,4.76829268293,0.219512195122,0.878048780488,4.1,32.987804878,0.935772357724
Paul Pierce,BKN,74,28.1351351351,0.364864864865,2.5,1.64864864865,0.405405405405,3.54054054054,4.04054054054,4.09459459459,32.8108108108,4.85135135135,0.756756756757,6.72972972973,0.418918918919,1.14864864865,3.6,47.9459459459,1.6786036036
Jodie Meeks,LAL,77,33.3917748918,1.12987012987,2.46753246753,1.49350649351,0.675324675325,3.96103896104,4.32467532468,2.64935064935,27.1428571429,3.77922077922,0.779220779221,3.24675324675,0.0519480519481,1.44155844156,4.3,43.0,1.49675324675
Mike Dunleavy,CHI,82,31.6660569106,0.475609756098,1.87804878049,0.817073170732,0.524390243902,3.39024390244,5.23170731707,1.5487804878,31.3780487805,4.46341463415,1.34146341463,6.4756097561,0.560975609756,0.780487804878,4.5,44.4512195122,1.12215447154
Jordan Farmar,LAL,41,22.3861788618,1.68292682927,3.60975609756,1.82926829268,0.0731707317073,2.07317073171,2.39024390244,4.09756097561,44.9268292683,10.0,1.07317073171,3.43902439024,0.19512195122,0.926829268293,4.4,58.8292682927,4.26422764228
Tim Hardaway Jr.,NYK,81,23.3195473251,0.617283950617,2.06172839506,0.888888888889,0.111111111111,3.64197530864,4.14814814815,1.24691358025,17.3456790123,1.62962962963,0.555555555556,2.30864197531,0.0864197530864,0.543209876543,4.0,27.8271604938,0.80987654321
Anthony Morrow,NOP,76,18.8817982456,0.171052631579,2.10526315789,0.736842105263,0.276315789474,2.23684210526,3.14473684211,1.01315789474,10.5263157895,1.30263157895,0.697368421053,2.48684210526,0.157894736842,0.5,4.1,18.9342105263,0.593201754386
Shaun Livingston,BKN,75,26.0882222222,0.0133333333333,2.14666666667,2.21333333333,1.0,0.0533333333333,0.16,4.13333333333,42.44,6.73333333333,1.70666666667,3.61333333333,0.413333333333,1.21333333333,4.2,53.6666666667,3.86644444444
Shelvin Mack,ATL,72,20.4898148148,0.958333333333,2.40277777778,1.77777777778,0.236111111111,1.52777777778,1.63888888889,3.90277777778,36.1666666667,7.31944444444,0.763888888889,3.41666666667,0.0277777777778,0.666666666667,4.5,46.9305555556,2.97314814815
George Hill,IND,76,32.1583333333,0.921052631579,2.76315789474,1.28947368421,0.460526315789,2.44736842105,2.68421052632,2.71052631579,56.9605263158,7.28947368421,1.27631578947,5.18421052632,0.302631578947,0.986842105263,4.0,70.6710526316,5.34912280702
Jeremy Lin,HOU,71,29.1298122066,0.957746478873,2.57746478873,2.92957746479,0.197183098592,2.22535211268,2.47887323944,7.29577464789,41.9154929577,7.35211267606,1.12676056338,4.46478873239,0.380281690141,0.957746478873,4.2,58.7887323944,3.63474178404
Derek Fisher,OKC,81,17.803909465,0.888888888889,1.72839506173,0.345679012346,0.037037037037,1.83950617284,2.07407407407,0.802469135802,20.2345679012,2.97530864198,0.259259259259,2.06172839506,0.037037037037,0.864197530864,3.9,26.8888888889,1.49320987654
Nate Robinson,DEN,44,19.8291666667,1.59090909091,3.81818181818,1.68181818182,0.181818181818,1.86363636364,2.09090909091,3.18181818182,23.75,4.77272727273,1.18181818182,2.27272727273,0.0909090909091,0.818181818182,4.2,36.7727272727,2.79696969697
Terrence Ross,TOR,80,26.7972916667,0.6375,2.275,1.05,0.375,4.35,4.8125,1.7125,17.775,1.9625,0.9375,3.9375,0.3375,0.8,4.3,29.7,0.979583333333
Kyle Korver,ATL,70,34.1530952381,0.557142857143,2.02857142857,0.257142857143,0.185714285714,4.81428571429,5.92857142857,0.585714285714,33.8857142857,5.25714285714,0.485714285714,7.4,0.328571428571,1.0,4.3,45.4,0.997380952381
Marco Belinelli,SAS,80,25.3745833333,0.5375,1.7875,0.85,0.875,3.0375,4.4625,1.4,27.425,3.9,0.5,4.7,0.0875,0.625,4.4,39.375,1.41875
Danny Green,SAS,68,24.400245098,0.897058823529,1.83823529412,0.5,0.441176470588,3.72058823529,4.13235294118,1.16176470588,28.1617647059,3.14705882353,0.970588235294,5.27941176471,0.897058823529,0.955882352941,4.6,38.0735294118,1.11274509804
Ricky Rubio,MIN,82,32.3518292683,0.231707317073,2.53658536585,3.15853658537,0.182926829268,1.39024390244,1.69512195122,8.4512195122,69.8414634146,17.1585365854,1.69512195122,5.71951219512,0.134146341463,2.32926829268,4.4,87.2682926829,6.86605691057
David West,IND,80,31.0485416667,0.0375,2.1,0.675,2.1625,0.125,3.475,1.0,46.0875,5.725,2.9,8.4875,0.925,0.7625,3.6,62.4875,1.50375
Brandon Bass,BOS,82,27.8847560976,0.0487804878049,1.60975609756,0.609756097561,1.87804878049,0.0243902439024,2.36585365854,1.07317073171,26.1707317073,2.21951219512,3.51219512195,6.01219512195,0.865853658537,0.439024390244,4.0,38.5975609756,1.03760162602
Tobias Harris,ORL,61,30.4644808743,0.229508196721,2.18032786885,1.59016393443,1.39344262295,1.7868852459,3.4262295082,2.22950819672,31.3278688525,2.39344262295,2.75409836066,8.52459016393,0.393442622951,0.672131147541,4.2,47.4590163934,1.42021857923
Trevor Ariza,WAS,76,35.5754385965,0.657894736842,1.97368421053,1.15789473684,0.526315789474,4.86842105263,5.26315789474,2.71052631579,36.6447368421,4.64473684211,2.27631578947,7.44736842105,0.263157894737,1.65789473684,4.0,52.1578947368,1.50197368421
JJ Redick,LAC,35,28.4333333333,1.08571428571,3.4,0.885714285714,0.228571428571,4.0,5.82857142857,2.0,24.0571428571,4.25714285714,0.457142857143,3.28571428571,0.0857142857143,0.8,4.6,39.2285714286,1.09523809524
Will Bynum,DET,56,18.9425595238,0.446428571429,2.625,2.875,0.178571428571,0.607142857143,0.785714285714,6.375,27.0535714286,7.76785714286,0.928571428571,1.91071428571,0.125,0.696428571429,4.0,40.2678571429,3.85297619048
E'Twaun Moore,ORL,79,19.1341772152,0.303797468354,1.56962025316,1.29113924051,0.177215189873,1.6835443038,1.91139240506,2.03797468354,16.4050632911,3.05063291139,0.696202531646,2.30379746835,0.164556962025,0.759493670886,4.3,24.3164556962,1.23860759494
Iman Shumpert,NYK,74,26.6481981982,0.486486486486,2.0,0.77027027027,0.202702702703,2.47297297297,2.75675675676,1.54054054054,24.0405405405,3.86486486486,2.13513513514,4.78378378378,0.175675675676,1.24324324324,4.2,33.1891891892,1.1954954955
Rajon Rondo,BOS,30,33.5511111111,1.8,4.16666666667,4.26666666667,0.6,1.0,1.06666666667,9.5,73.9666666667,20.0333333333,1.86666666667,8.13333333333,0.0666666666667,1.33333333333,3.9,95.7333333333,7.82444444444
Thaddeus Young,PHI,79,34.4573839662,0.443037974684,1.9746835443,1.81012658228,2.91139240506,3.07594936709,4.03797468354,2.91139240506,46.7594936709,4.6582278481,4.58227848101,7.29113924051,0.455696202532,2.11392405063,4.3,68.164556962,1.72004219409
James Anderson,PHI,80,28.9233333333,0.9625,1.7625,1.3625,0.5375,3.2875,3.4375,2.55,20.7625,4.15,1.4875,5.1625,0.35,0.925,4.4,32.3375,1.04333333333
CJ Watson,IND,63,19.0470899471,0.619047619048,1.84126984127,0.619047619048,0.349206349206,1.61904761905,1.73015873016,1.53968253968,31.3650793651,4.03174603175,0.52380952381,2.11111111111,0.126984126984,0.952380952381,4.3,39.9682539683,2.94788359788
Manu Ginobili,SAS,68,22.9674019608,0.911764705882,2.0,2.02941176471,0.647058823529,2.75,3.19117647059,4.32352941176,29.0735294118,7.70588235294,1.08823529412,3.91176470588,0.25,1.02941176471,4.1,43.5294117647,2.10269607843
Kendall Marshall,LAL,54,29.1413580247,0.62962962963,2.33333333333,2.12962962963,0.0740740740741,2.5,2.72222222222,4.68518518519,62.962962963,15.6481481481,0.518518518519,3.46296296296,0.0740740740741,0.888888888889,4.1,76.1111111111,5.08919753086
Chandler Parsons,HOU,74,37.8369369369,0.635135135135,1.87837837838,3.81081081081,0.797297297297,3.91891891892,4.44594594595,6.33783783784,42.0810810811,7.06756756757,1.98648648649,6.90540540541,0.391891891892,1.18918918919,4.3,61.0405405405,2.17387387387
Jimmy Butler,CHI,67,38.7300995025,0.477611940299,2.28358208955,0.985074626866,1.10447761194,3.01492537313,3.94029850746,2.97014925373,35.4925373134,5.26865671642,2.77611940299,6.61194029851,0.537313432836,1.89552238806,4.2,51.4925373134,1.98233830846
Evan Fournier,DEN,76,19.9695175439,0.644736842105,1.55263157895,1.55263157895,0.355263157895,2.38157894737,2.55263157895,2.86842105263,18.6447368421,3.11842105263,1.02631578947,3.81578947368,0.0921052631579,0.447368421053,4.4,29.3552631579,1.32236842105
Nate Wolters,MIL,57,22.4356725146,0.333333333333,2.28070175439,2.35087719298,0.280701754386,0.684210526316,0.824561403509,4.21052631579,38.1228070175,6.54385964912,1.29824561404,3.19298245614,0.263157894737,0.614035087719,4.3,48.5438596491,3.29561403509
Chris Bosh,MIA,79,32.2620253165,0.177215189873,1.48101265823,0.670886075949,2.24050632911,2.51898734177,5.63291139241,1.3417721519,34.3797468354,2.45569620253,2.10126582278,8.74683544304,0.987341772152,1.01265822785,3.7,50.9240506329,1.11497890295
Paul Millsap,ATL,73,33.7452054795,0.13698630137,1.79452054795,1.93150684932,2.27397260274,2.67123287671,3.8904109589,4.02739726027,44.0547945205,6.13698630137,4.39726027397,11.2876712329,1.05479452055,1.72602739726,4.1,65.4246575342,1.99086757991
Norris Cole,MIA,82,24.7524390244,0.158536585366,1.32926829268,1.62195121951,0.121951219512,1.91463414634,2.12195121951,4.08536585366,39.987804878,6.13414634146,0.426829268293,2.93902439024,0.0609756097561,0.939024390244,4.3,50.4146341463,3.51341463415
Blake Griffin,LAC,80,36.0572916667,0.125,1.5875,0.9625,3.225,0.425,4.3375,2.025,54.475,7.4625,4.3625,10.5,0.6375,1.15,3.9,81.1625,2.34375
Ben McLemore,SAC,81,26.966872428,0.58024691358,1.41975308642,1.06172839506,0.345679012346,2.98765432099,4.07407407407,1.9012345679,18.0740740741,2.0987654321,1.35802469136,4.40740740741,0.222222222222,0.530864197531,4.5,29.2222222222,0.827366255144
Ray Allen,MIA,73,26.7817351598,0.452054794521,1.46575342466,0.876712328767,0.260273972603,3.71232876712,4.16438356164,2.47945205479,22.698630137,3.45205479452,0.630136986301,3.65753424658,0.109589041096,0.739726027397,4.1,33.1369863014,1.049543379
Anthony Davis,NOP,67,35.3721393035,0.0,1.64179104478,0.910447761194,2.58208955224,0.119402985075,3.62686567164,1.29850746269,33.3582089552,2.97014925373,5.32835820896,10.4626865672,2.82089552239,1.32835820896,4.1,54.6865671642,1.52064676617
Harrison Barnes,GSW,77,28.2928571429,0.233766233766,2.11688311688,1.84415584416,0.584415584416,2.14285714286,2.49350649351,2.8961038961,19.5064935065,2.80519480519,1.57142857143,6.14285714286,0.25974025974,0.805194805195,4.3,31.3636363636,1.28354978355
Pablo Prigioni,NYK,66,19.5343434343,0.772727272727,1.04545454545,0.227272727273,0.030303030303,1.27272727273,1.31818181818,1.0,40.6363636364,7.34848484848,1.16666666667,2.18181818182,0.030303030303,1.01515151515,4.4,46.8333333333,3.33611111111
Josh Smith,DET,77,35.6902597403,0.194805194805,2.22077922078,2.41558441558,1.1038961039,3.06493506494,5.28571428571,3.76623376623,34.3376623377,6.12987012987,2.7012987013,8.76623376623,1.42857142857,1.36363636364,3.7,56.5974025974,1.82878787879
Carlos Boozer,CHI,76,28.2701754386,0.0,1.82894736842,0.223684210526,3.98684210526,0.0263157894737,4.02631578947,0.342105263158,31.8815789474,2.96052631579,3.09210526316,9.19736842105,0.289473684211,0.697368421053,3.7,48.9210526316,1.1625
Alan Anderson,BKN,77,22.7891774892,0.597402597403,1.58441558442,1.28571428571,0.168831168831,2.4025974026,2.61038961039,2.37662337662,18.3246753247,2.05194805195,0.948051948052,3.54545454545,0.12987012987,0.61038961039,4.0,26.961038961,1.11774891775
Andray Blatche,BKN,72,22.1048611111,0.152777777778,1.73611111111,0.833333333333,1.56944444444,0.569444444444,2.20833333333,1.56944444444,26.2222222222,2.83333333333,2.70833333333,5.90277777778,0.513888888889,1.02777777778,3.9,39.375,1.12407407407
Andre Iguodala,GSW,63,32.5291005291,0.492063492063,1.84126984127,0.777777777778,0.666666666667,2.14285714286,2.36507936508,2.2380952381,31.9841269841,7.01587301587,1.22222222222,5.52380952381,0.285714285714,1.50793650794,4.1,43.8095238095,2.55158730159
Zach Randolph,MEM,79,34.4411392405,0.0759493670886,1.49367088608,0.367088607595,4.36708860759,0.164556962025,1.73417721519,0.556962025316,36.6075949367,5.18987341772,7.0,10.5949367089,0.291139240506,0.683544303797,3.8,57.9367088608,1.82320675105
Al Jefferson,CHA,72,35.1634259259,0.0416666666667,1.61111111111,0.180555555556,5.34722222222,0.166666666667,4.98611111111,0.236111111111,31.6388888889,4.23611111111,3.47222222222,13.1388888889,1.08333333333,0.930555555556,3.7,55.3888888889,1.77824074074
CJ Miles,CLE,51,19.3424836601,0.352941176471,1.6862745098,0.764705882353,0.137254901961,3.66666666667,4.21568627451,1.41176470588,15.0980392157,2.21568627451,0.725490196078,2.72549019608,0.294117647059,0.901960784314,4.2,25.1764705882,0.721241830065
Travis Outlaw,SAC,63,16.9791005291,0.206349206349,1.68253968254,0.349206349206,0.333333333333,1.60317460317,2.30158730159,0.650793650794,13.0793650794,1.49206349206,0.809523809524,3.28571428571,0.301587301587,0.31746031746,4.3,19.5714285714,0.499735449735
DeMarcus Cousins,SAC,70,32.7530952381,0.0428571428571,1.54285714286,2.0,3.2,0.0571428571429,2.71428571429,3.22857142857,40.3,5.78571428571,5.4,11.8571428571,1.3,1.52857142857,3.8,65.8142857143,2.14095238095
Wesley Johnson,LAL,79,28.5265822785,0.240506329114,1.43037974684,0.278481012658,0.759493670886,3.0253164557,4.0253164557,0.493670886076,26.2151898734,3.12658227848,1.60759493671,5.81012658228,0.974683544304,1.08860759494,4.2,36.835443038,0.738396624473
Mike Miller,MEM,82,20.9528455285,0.134146341463,0.951219512195,0.5,0.109756097561,2.67073170732,3.51219512195,1.25609756098,23.6707317073,3.25609756098,0.841463414634,3.4756097561,0.0609756097561,0.317073170732,4.2,31.1951219512,0.744918699187
Kyle Singler,DET,82,28.7213414634,0.231707317073,1.07317073171,0.69512195122,0.914634146341,2.74390243902,3.23170731707,1.37804878049,25.3658536585,1.9756097561,3.15853658537,4.92682926829,0.463414634146,0.743902439024,4.5,35.7804878049,0.791056910569
Tristan Thompson,CLE,82,31.7758130081,0.0121951219512,1.06097560976,0.536585365854,2.98780487805,0.0,0.80487804878,0.792682926829,38.0853658537,1.82926829268,7.32926829268,9.90243902439,0.426829268293,0.512195121951,4.4,51.9268292683,1.22662601626
Jared Sullinger,BOS,74,27.8310810811,0.175675675676,1.51351351351,0.945945945946,2.37837837838,2.55405405405,3.68918918919,1.25675675676,32.9324324324,3.44594594595,5.54054054054,8.02702702703,0.662162162162,0.472972972973,3.9,49.0,1.23198198198
Martell Webster,WAS,77,27.816017316,0.441558441558,1.27272727273,0.415584415584,0.376623376623,4.23376623377,4.68831168831,0.987012987013,25.4285714286,2.4025974026,0.74025974026,3.57142857143,0.194805194805,0.532467532468,4.0,35.3246753247,0.898917748918
Kevin Garnett,BKN,53,20.6509433962,0.0188679245283,1.98113207547,0.0943396226415,1.49056603774,0.0377358490566,2.50943396226,0.188679245283,34.5283018868,2.60377358491,1.79245283019,7.71698113208,0.735849056604,0.811320754717,4.0,43.6037735849,0.854716981132
Ray McCallum,SAC,45,19.9788888889,0.244444444444,2.77777777778,1.33333333333,0.355555555556,1.02222222222,1.37777777778,2.28888888889,32.4666666667,5.8,0.888888888889,2.42222222222,0.2,0.488888888889,4.4,42.9777777778,3.92925925926
Cory Joseph,SAS,68,13.8789215686,0.0882352941176,1.26470588235,1.01470588235,0.25,0.455882352941,0.779411764706,2.19117647059,22.6617647059,3.26470588235,0.970588235294,2.16176470588,0.205882352941,0.514705882353,4.6,29.1029411765,1.6612745098
Matthew Dellavedova,CLE,72,17.7546296296,0.375,1.05555555556,0.666666666667,0.0972222222222,1.73611111111,1.94444444444,1.88888888889,25.4305555556,4.97222222222,0.791666666667,2.77777777778,0.0694444444444,0.458333333333,4.4,31.9305555556,1.5849537037
Wilson Chandler,DEN,62,31.235483871,0.516129032258,1.95161290323,2.33870967742,0.677419354839,5.01612903226,5.66129032258,3.96774193548,28.1290322581,3.56451612903,1.54838709677,6.72580645161,0.5,0.741935483871,4.2,43.5806451613,1.38682795699
Xavier Henry,LAL,43,21.219379845,0.46511627907,1.93023255814,2.27906976744,0.279069767442,1.32558139535,1.86046511628,4.13953488372,22.2558139535,2.95348837209,1.25581395349,3.72093023256,0.162790697674,1.02325581395,4.4,34.976744186,1.67441860465
Richard Jefferson,UTA,82,27.0510162602,0.243902439024,1.34146341463,1.32926829268,0.292682926829,3.40243902439,3.9512195122,2.69512195122,27.8902439024,3.23170731707,0.585365853659,4.0,0.170731707317,0.682926829268,4.0,39.4268292683,1.15894308943
Kentavious Caldwell-Pope,DET,80,19.943125,0.3125,1.25,0.4875,0.35,1.975,2.55,0.6375,15.5875,1.3625,1.025,2.2875,0.15,0.9375,4.2,22.45,0.578541666667
Shawn Marion,DAL,76,31.8127192982,0.0394736842105,1.11842105263,0.539473684211,2.11842105263,2.0,2.55263157895,0.855263157895,36.2105263158,3.47368421053,2.98684210526,7.27631578947,0.486842105263,1.18421052632,4.1,49.0131578947,1.21688596491
Mario Chalmers,MIA,73,29.9769406393,0.534246575342,1.08219178082,2.83561643836,0.301369863014,2.49315068493,2.56164383562,7.02739726027,52.7534246575,8.54794520548,0.931506849315,4.41095890411,0.219178082192,1.6301369863,4.0,66.8356164384,4.38561643836
Michael Beasley,MIA,55,15.2509090909,0.163636363636,1.45454545455,1.25454545455,0.654545454545,0.818181818182,1.49090909091,1.78181818182,16.8,1.49090909091,0.927272727273,4.18181818182,0.381818181818,0.418181818182,4.2,25.4181818182,0.688484848485
Tyreke Evans,NOP,72,28.3479166667,0.541666666667,1.73611111111,5.97222222222,0.763888888889,0.652777777778,0.861111111111,10.3194444444,34.0555555556,9.19444444444,2.27777777778,5.86111111111,0.291666666667,1.16666666667,4.0,53.8888888889,3.47291666667
Ryan Kelly,LAL,59,22.397740113,0.101694915254,1.30508474576,0.932203389831,0.491525423729,2.27118644068,2.67796610169,1.50847457627,28.6779661017,3.15254237288,1.22033898305,4.81355932203,0.762711864407,0.542372881356,4.2,37.2711864407,0.847175141243
Boris Diaw,SAS,79,25.1888185654,0.0759493670886,0.835443037975,1.13924050633,1.32911392405,1.3164556962,2.25316455696,2.17721518987,39.3291139241,5.54430379747,1.94936708861,5.73417721519,0.405063291139,0.556962025316,4.2,49.8101265823,1.13037974684
Tony Wroten,PHI,72,24.6113425926,1.05555555556,1.36111111111,5.02777777778,0.680555555556,1.44444444444,1.5,7.76388888889,31.5694444444,5.95833333333,2.18055555556,3.41666666667,0.222222222222,1.08333333333,4.3,49.9722222222,3.01944444444
DeMarre Carroll,ATL,73,32.2591324201,0.41095890411,1.23287671233,0.876712328767,1.23287671233,3.17808219178,3.61643835616,1.53424657534,34.9589041096,3.46575342466,3.72602739726,6.80821917808,0.287671232877,1.47945205479,4.0,47.095890411,1.42831050228
Tayshaun Prince,MEM,76,25.7469298246,0.0131578947368,1.34210526316,0.368421052632,1.0,0.868421052632,2.81578947368,0.565789473684,28.8815789474,3.48684210526,0.894736842105,3.90789473684,0.25,0.513157894737,4.0,37.3552631579,1.25570175439
Willie Green,LAC,55,15.9281818182,0.4,1.23636363636,0.672727272727,0.109090909091,1.67272727273,2.38181818182,1.18181818182,15.7272727273,2.18181818182,0.418181818182,2.50909090909,0.2,0.4,4.2,22.4545454545,0.831212121212
Devin Harris,DAL,40,20.5175,1.15,1.975,1.9,0.075,1.35,1.475,4.85,38.75,7.85,0.425,2.925,0.05,0.7,4.1,50.85,4.02333333333
CJ McCollum,POR,38,12.6,0.578947368421,1.86842105263,0.789473684211,0.0789473684211,1.52631578947,1.73684210526,1.44736842105,11.2894736842,1.36842105263,0.447368421053,1.71052631579,0.0526315789474,0.368421052632,4.4,18.2105263158,0.868421052632
Tony Snell,CHI,77,16.012987013,0.272727272727,0.792207792208,0.701298701299,0.116883116883,1.96103896104,2.32467532468,1.03896103896,12.3506493506,1.85714285714,0.493506493506,2.37662337662,0.194805194805,0.376623376623,4.1,17.974025974,0.661471861472
Channing Frye,PHX,82,28.3361788618,0.158536585366,0.817073170732,0.317073170732,0.573170731707,5.0,6.18292682927,0.487804878049,36.4268292683,2.26829268293,1.74390243902,7.43902439024,0.768292682927,0.731707317073,3.8,48.1463414634,0.916463414634
Ish Smith,PHX,70,14.4904761905,0.0857142857143,1.04285714286,1.82857142857,0.0428571428571,0.228571428571,0.257142857143,3.67142857143,26.6285714286,4.97142857143,1.01428571429,2.5,0.185714285714,0.7,4.6,33.0571428571,2.36285714286
Nick Calathes,MEM,71,16.5953051643,0.197183098592,1.16901408451,1.29577464789,0.422535211268,0.647887323944,0.732394366197,3.29577464789,33.4929577465,5.76056338028,0.845070422535,2.76056338028,0.112676056338,0.929577464789,4.5,42.1549295775,3.56713615023
Jared Dudley,LAC,74,23.5268018018,0.0945945945946,0.797297297297,0.297297297297,0.189189189189,2.87837837838,4.17567567568,0.864864864865,20.972972973,2.64864864865,0.851351351351,3.37837837838,0.135135135135,0.554054054054,4.2,28.7027027027,0.563738738739
Diante Garrett,UTA,71,14.8286384977,0.197183098592,1.2676056338,0.901408450704,0.112676056338,1.0985915493,1.15492957746,1.81690140845,27.014084507,3.88732394366,0.281690140845,1.95774647887,0.0704225352113,0.577464788732,4.3,33.323943662,2.37840375587
Ersan Ilyasova,MIL,54,27.0941358025,0.203703703704,1.33333333333,0.833333333333,1.53703703704,2.14814814815,4.85185185185,1.24074074074,38.0555555556,3.03703703704,3.75925925926,7.33333333333,0.12962962963,0.851851851852,4.0,52.2222222222,1.1012345679
Giannis Antetokounmpo,MIL,76,24.8620614035,0.355263157895,0.907894736842,1.01315789474,0.644736842105,1.14473684211,1.44736842105,2.38157894737,33.8026315789,3.67105263158,1.96052631579,6.13157894737,0.802631578947,0.776315789474,4.4,43.5921052632,1.28201754386
Maurice Harkless,ORL,80,24.5220833333,0.275,0.7375,1.2,0.7375,1.5875,1.6375,2.0,17.05,2.1875,1.725,4.275,0.625,1.2125,4.3,25.75,0.787083333333
Austin Rivers,NOP,69,19.5471014493,0.36231884058,1.30434782609,3.52173913043,0.144927536232,0.985507246377,1.08695652174,5.36231884058,29.8985507246,4.40579710145,1.01449275362,2.89855072464,0.130434782609,0.652173913043,4.1,41.0,3.77729468599
Pau Gasol,LAL,60,31.5694444444,0.0,1.15,0.633333333333,3.0,0.216666666667,3.85,0.9,50.0166666667,7.01666666667,3.65,11.8666666667,1.53333333333,0.45,3.9,71.1,2.08138888889
Corey Brewer,MIN,81,32.4080246914,0.259259259259,1.1975308642,1.53086419753,0.814814814815,2.27160493827,2.75308641975,2.40740740741,25.7283950617,2.8024691358,1.79012345679,3.20987654321,0.37037037037,1.86419753086,4.1,38.975308642,1.05329218107
Mirza Teletovic,BKN,71,19.3988262911,0.211267605634,0.718309859155,0.549295774648,0.464788732394,4.52112676056,4.84507042254,1.16901408451,22.9295774648,1.7323943662,1.38028169014,4.87323943662,0.323943661972,0.408450704225,4.1,31.985915493,0.476525821596
Andrea Bargnani,NYK,42,30.0777777778,0.047619047619,1.61904761905,1.14285714286,1.42857142857,2.5,6.33333333333,1.88095238095,29.5714285714,2.57142857143,2.61904761905,5.92857142857,1.2380952381,0.333333333333,3.7,45.4047619048,1.10674603175
Marc Gasol,MEM,59,33.5110169492,0.0847457627119,0.864406779661,0.203389830508,4.28813559322,0.101694915254,4.77966101695,0.305084745763,47.4406779661,7.54237288136,2.32203389831,9.0,1.28813559322,1.0,3.7,65.6271186441,1.69406779661
Phil Pressey,BOS,75,15.2235555556,0.333333333333,1.14666666667,0.653333333333,0.0266666666667,1.05333333333,1.10666666667,2.17333333333,29.4266666667,6.13333333333,0.453333333333,1.90666666667,0.0666666666667,0.906666666667,4.3,36.1466666667,2.66377777778
Patrick Beverley,HOU,56,31.4711309524,0.571428571429,1.19642857143,2.05357142857,0.303571428571,3.96428571429,4.17857142857,4.28571428571,47.7142857143,5.625,2.69642857143,4.0,0.410714285714,1.375,4.4,60.4285714286,3.66428571429
Kris Humphries,BOS,69,20.1128019324,0.0289855072464,0.869565217391,0.260869565217,1.21739130435,0.0,2.84057971014,0.550724637681,29.3333333333,2.53623188406,3.76811594203,6.78260869565,0.884057971014,0.449275362319,4.1,38.6086956522,0.826328502415
Draymond Green,GSW,81,22.0685185185,0.148148148148,0.592592592593,0.716049382716,0.703703703704,1.76543209877,2.30864197531,1.30864197531,28.4814814815,3.61728395062,1.96296296296,6.44444444444,0.888888888889,1.24691358025,4.1,36.8148148148,0.959465020576
Alexey Shved,MIN,63,10.6335978836,0.698412698413,1.25396825397,0.920634920635,0.0634920634921,0.920634920635,1.01587301587,2.14285714286,10.4285714286,2.34920634921,0.714285714286,1.49206349206,0.253968253968,0.412698412698,4.3,16.4603174603,0.971428571429
PJ Tucker,PHX,81,30.9491769547,0.123456790123,0.864197530864,0.864197530864,1.03703703704,2.11111111111,2.43209876543,1.6049382716,27.9259259259,3.81481481481,3.58024691358,6.37037037037,0.283950617284,1.35802469136,4.0,39.1851851852,1.07345679012
Dorell Wright,POR,68,14.5678921569,0.25,0.823529411765,0.323529411765,0.132352941176,2.57352941176,2.67647058824,0.779411764706,15.1176470588,1.89705882353,0.676470588235,3.97058823529,0.235294117647,0.338235294118,4.2,21.0441176471,0.59387254902
Omri Casspi,HOU,71,18.1784037559,0.323943661972,0.845070422535,0.901408450704,0.647887323944,2.14084507042,2.38028169014,1.78873239437,24.2112676056,2.32394366197,1.81690140845,5.32394366197,0.197183098592,0.619718309859,4.4,32.6197183099,0.708920187793
Roy Hibbert,IND,81,29.8985596708,0.0,0.679012345679,0.0740740740741,3.97530864198,0.0617283950617,1.82716049383,0.148148148148,26.1975308642,2.33333333333,4.86419753086,8.51851851852,2.24691358025,0.358024691358,3.8,39.8765432099,1.01069958848
John Lucas III,UTA,42,14.0591269841,0.166666666667,1.59523809524,0.642857142857,0.047619047619,1.80952380952,2.0,1.04761904762,23.880952381,2.69047619048,0.357142857143,1.11904761905,0.0,0.333333333333,4.5,30.1904761905,1.94523809524
Jason Terry,BKN,34,16.1318627451,0.647058823529,1.26470588235,0.441176470588,0.0294117647059,2.20588235294,2.41176470588,1.29411764706,16.9411764706,2.85294117647,0.205882352941,1.35294117647,0.0,0.352941176471,4.1,22.7058823529,0.827450980392
Doron Lamb,ORL,53,13.1921383648,0.150943396226,0.77358490566,0.320754716981,0.0377358490566,1.52830188679,1.64150943396,0.471698113208,10.641509434,1.39622641509,0.339622641509,1.28301886792,0.0188679245283,0.207547169811,4.1,14.7169811321,0.474842767296
Derrick Favors,UTA,73,30.2835616438,0.0,0.630136986301,0.123287671233,3.95890410959,0.013698630137,1.60273972603,0.178082191781,40.8767123288,2.93150684932,4.71232876712,9.7397260274,1.47945205479,1.02739726027,4.1,55.8904109589,1.31735159817
Taj Gibson,CHI,82,28.7504065041,0.0,0.780487804878,0.0609756097561,3.73170731707,0.0853658536585,3.30487804878,0.146341463415,29.1585365854,2.4756097561,4.35365853659,7.4512195122,1.36585365854,0.5,3.9,44.7926829268,1.02601626016
Shane Larkin,DAL,48,10.2229166667,0.229166666667,1.04166666667,0.75,0.0833333333333,0.520833333333,0.625,1.70833333333,17.7083333333,2.95833333333,0.354166666667,1.14583333333,0.0208333333333,0.541666666667,4.5,22.5833333333,1.66666666667
Marvin Williams,UTA,66,25.4623737374,0.242424242424,0.80303030303,0.863636363636,0.424242424242,3.27272727273,4.56060606061,1.45454545455,27.9545454545,2.56060606061,2.24242424242,6.33333333333,0.469696969697,0.818181818182,4.0,37.9393939394,0.77601010101
Darius Miller,NOP,45,16.1851851852,0.133333333333,1.04444444444,0.422222222222,0.0888888888889,1.51111111111,1.91111111111,0.755555555556,11.0222222222,1.88888888889,0.288888888889,1.91111111111,0.2,0.533333333333,4.0,16.1555555556,0.522592592593
Quincy Miller,DEN,52,15.2852564103,0.25,1.21153846154,0.788461538462,0.211538461538,1.5,1.73076923077,1.34615384615,10.4807692308,1.25,1.53846153846,3.69230769231,0.615384615385,0.423076923077,4.3,17.5,0.634294871795
Tim Duncan,SAS,74,29.3371621622,0.0,0.851351351351,0.324324324324,3.98648648649,0.0675675675676,3.66216216216,0.472972972973,42.5135135135,4.91891891892,3.94594594595,11.1486486486,1.87837837838,0.581081081081,3.8,60.8918918919,1.61328828829
Chris Douglas-Roberts,CHA,48,20.8940972222,0.375,0.875,0.666666666667,0.1875,2.29166666667,2.4375,1.16666666667,15.3541666667,2.0,0.5,3.375,0.333333333333,0.5625,4.2,22.7708333333,0.763888888889
Marcin Gortat,WAS,80,32.9127083333,0.0,0.65,0.1625,3.7875,0.0125,2.25,0.3,44.2875,3.875,4.7375,11.45,1.5,0.5125,4.1,58.3875,1.23791666667
Marreese Speights,GSW,78,12.5602564103,0.025641025641,0.75641025641,0.5,0.910256410256,0.371794871795,1.51282051282,0.692307692308,10.1153846154,1.01282051282,2.26923076923,4.11538461538,0.435897435897,0.128205128205,4.0,17.6153846154,0.420512820513
Dennis Schroder,ATL,48,13.0479166667,0.375,1.25,1.66666666667,0.0208333333333,0.5,0.583333333333,3.625,24.2083333333,3.95833333333,0.354166666667,2.125,0.0,0.3125,4.5,31.2916666667,2.16423611111
Elliot Williams,PHI,67,17.4012437811,0.34328358209,0.716417910448,1.10447761194,0.388059701493,1.4776119403,1.64179104478,2.07462686567,14.4179104478,2.46268656716,1.01492537313,2.67164179104,0.044776119403,0.522388059701,4.3,21.9701492537,0.857711442786
Thabo Sefolosha,OKC,61,26.2232240437,0.0983606557377,0.655737704918,0.606557377049,0.475409836066,2.27868852459,2.6393442623,1.44262295082,19.6557377049,3.11475409836,1.55737704918,4.06557377049,0.27868852459,1.29508196721,4.2,27.7213114754,0.949453551913
Darrell Arthur,DEN,68,17.2171568627,0.0294117647059,0.544117647059,0.117647058824,0.514705882353,0.867647058824,3.97058823529,0.279411764706,16.9558823529,1.55882352941,1.67647058824,4.36764705882,0.691176470588,0.573529411765,4.0,24.7941176471,0.442156862745
Chris Kaman,LAL,39,19.0047008547,0.025641025641,0.897435897436,0.589743589744,2.12820512821,0.0512820512821,2.74358974359,1.02564102564,27.6153846154,3.10256410256,2.82051282051,7.20512820513,1.02564102564,0.282051282051,4.2,40.5384615385,1.02606837607
Francisco Garcia,HOU,55,19.7803030303,0.254545454545,0.745454545455,0.836363636364,0.0727272727273,3.14545454545,3.27272727273,1.47272727273,17.4909090909,2.12727272727,0.618181818182,3.0,0.6,0.490909090909,4.0,24.3090909091,0.690303030303
Serge Ibaka,OKC,81,33.2047325103,0.0246913580247,0.604938271605,0.407407407407,2.13580246914,0.679012345679,5.38271604938,0.777777777778,34.5802469136,2.34567901235,4.41975308642,10.2098765432,2.7037037037,0.481481481481,4.0,50.2592592593,1.1475308642
Jae Crowder,DAL,78,16.1232905983,0.128205128205,0.602564102564,0.24358974359,0.24358974359,1.79487179487,1.98717948718,0.564102564103,17.7435897436,1.71794871795,1.24358974359,3.4358974359,0.269230769231,0.75641025641,4.3,23.1025641026,0.53311965812
Robbie Hummel,MIN,53,12.4528301887,0.132075471698,0.660377358491,0.0943396226415,0.0566037735849,1.50943396226,2.2641509434,0.150943396226,13.8679245283,1.11320754717,1.1320754717,2.90566037736,0.0377358490566,0.301886792453,4.4,18.0754716981,0.369182389937
JJ Hickson,DEN,69,27.109178744,0.0289855072464,0.826086956522,0.376811594203,2.94202898551,0.0869565217391,1.36231884058,0.768115942029,30.5797101449,3.11594202899,4.98550724638,9.50724637681,0.739130434783,0.68115942029,4.2,44.6956521739,1.05024154589
Hedo Turkoglu,LAC,38,10.3855263158,0.421052631579,1.02631578947,0.289473684211,0.210526315789,0.894736842105,1.0,0.394736842105,17.0526315789,1.76315789474,0.631578947368,3.57894736842,0.263157894737,0.5,4.2,21.0,0.552631578947
Cody Zeller,CHA,81,17.3567901235,0.0,0.592592592593,0.962962962963,0.679012345679,0.0123456790123,1.28395061728,1.58024691358,32.962962963,2.25925925926,2.97530864198,5.03703703704,0.506172839506,0.493827160494,4.5,40.7283950617,0.793621399177
Hollis Thompson,PHI,77,22.7149350649,0.142857142857,0.480519480519,0.584415584416,0.480519480519,1.96103896104,2.35064935065,1.35064935065,17.2597402597,2.25974025974,1.81818181818,3.97402597403,0.155844155844,0.688311688312,4.4,24.0,0.553246753247
Elton Brand,ATL,72,19.4502314815,0.0,0.347222222222,0.125,1.19444444444,0.0277777777778,2.16666666667,0.305555555556,26.0416666667,2.05555555556,2.38888888889,6.11111111111,1.16666666667,0.555555555556,3.9,32.7916666667,0.688425925926
Josh McRoberts,CHA,77,30.4071428571,0.103896103896,0.467532467532,0.987012987013,0.61038961039,3.51948051948,4.16883116883,2.09090909091,67.2857142857,7.90909090909,2.22077922078,6.72727272727,0.597402597403,0.74025974026,4.2,77.1688311688,1.7316017316
Al-Farouq Aminu,NOP,80,25.6866666667,0.0375,0.4875,0.7875,0.9375,0.55,1.7,1.625,23.9125,2.8,3.0625,7.65,0.475,1.025,4.3,32.8625,0.889583333333
Chase Budinger,MIN,41,18.4020325203,0.219512195122,0.80487804878,0.609756097561,0.365853658537,2.70731707317,3.60975609756,1.0243902439,13.0487804878,1.65853658537,0.780487804878,3.0243902439,0.0487804878049,0.463414634146,4.1,20.9268292683,0.474796747967
Tony Allen,MEM,55,23.3009090909,0.0909090909091,0.8,1.4,1.05454545455,0.727272727273,1.52727272727,2.74545454545,18.5272727273,2.96363636364,2.74545454545,3.78181818182,0.345454545455,1.63636363636,4.2,29.7454545455,0.967272727273
Kenneth Faried,DEN,80,27.3860416667,0.0,0.525,0.475,3.7875,0.025,0.8875,0.675,26.8625,2.325,5.9625,8.5625,0.8625,0.875,4.2,41.3875,0.99
David Lee,GSW,68,33.3237745098,0.0,0.397058823529,1.36764705882,3.22058823529,0.0147058823529,1.52941176471,2.10294117647,34.0294117647,3.82352941176,5.23529411765,11.6323529412,0.367647058824,0.705882352941,4.1,53.8823529412,1.47254901961
Ronnie Price,ORL,31,12.2220430108,0.451612903226,1.25806451613,0.516129032258,0.0322580645161,0.870967741935,0.903225806452,1.29032258065,17.8064516129,4.09677419355,0.41935483871,1.67741935484,0.0645161290323,0.806451612903,4.4,22.7419354839,1.7247311828
Chris Johnson,BOS,40,19.8779166667,0.275,0.65,0.225,0.475,2.775,2.95,0.475,15.9,1.625,1.625,3.1,0.1,0.675,4.6,23.125,0.549583333333
Enes Kanter,UTA,80,26.8052083333,0.0,0.4875,0.3125,3.575,0.0125,2.45,0.5,27.175,2.05,5.3125,7.925,0.525,0.35,4.0,42.2375,1.15583333333
James Johnson,MEM,52,18.5182692308,0.25,0.730769230769,1.65384615385,0.480769230769,1.38461538462,1.51923076923,3.48076923077,19.0192307692,3.5,2.23076923077,3.26923076923,1.09615384615,0.807692307692,4.2,27.8846153846,1.02692307692
Shane Battier,MIA,73,20.2340182648,0.315068493151,0.369863013699,0.315068493151,0.287671232877,2.50684931507,2.57534246575,0.671232876712,25.301369863,2.05479452055,1.24657534247,3.39726027397,0.534246575342,0.684931506849,4.3,29.9863013699,0.46095890411
Trevor Booker,WAS,71,21.6394366197,0.0,0.338028169014,0.239436619718,1.45070422535,0.0281690140845,1.04225352113,0.380281690141,28.6056338028,1.78873239437,3.97183098592,5.53521126761,0.619718309859,0.577464788732,4.3,35.9154929577,0.720892018779
Anthony Bennett,CLE,52,12.8262820513,0.134615384615,0.519230769231,0.25,0.634615384615,0.884615384615,1.96153846154,0.442307692308,16.3846153846,0.788461538462,2.05769230769,3.46153846154,0.153846153846,0.403846153846,4.2,22.4038461538,0.367628205128
Perry Jones,OKC,62,12.4459677419,0.0967741935484,0.41935483871,0.322580645161,0.403225806452,0.887096774194,1.22580645161,0.483870967742,9.8064516129,0.709677419355,0.709677419355,2.37096774194,0.306451612903,0.225806451613,4.2,13.9193548387,0.337903225806
Rashard Lewis,MIA,60,16.3072222222,0.133333333333,0.466666666667,0.483333333333,0.316666666667,2.08333333333,2.26666666667,0.9,19.2333333333,1.55,0.65,2.46666666667,0.133333333333,0.883333333333,4.2,24.3333333333,0.43
Steve Novak,TOR,54,10.024691358,0.333333333333,0.648148148148,0.037037037037,0.0185185185185,1.85185185185,1.92592592593,0.0555555555556,10.0555555556,0.5,0.314814814815,1.83333333333,0.0740740740741,0.222222222222,4.3,13.1481481481,0.24012345679
Jason Thompson,SAC,81,24.512345679,0.0,0.271604938272,0.0864197530864,1.91358024691,0.0,1.30864197531,0.222222222222,27.6296296296,1.51851851852,3.8024691358,7.9012345679,0.691358024691,0.395061728395,4.2,36.6913580247,0.768930041152
Matt Barnes,LAC,63,27.7566137566,0.190476190476,0.428571428571,0.84126984127,0.761904761905,4.12698412698,4.57142857143,1.68253968254,28.5555555556,3.68253968254,1.84126984127,6.19047619048,0.444444444444,0.888888888889,4.3,39.9523809524,0.798941798942
Gorgui Dieng,MIN,60,13.6722222222,0.0166666666667,0.3,0.0,1.63333333333,0.0,0.45,0.0333333333333,14.05,1.46666666667,3.36666666667,5.21666666667,0.833333333333,0.5,4.0,19.9666666667,0.4725
Terrence Jones,HOU,76,27.4932017544,0.118421052632,0.5,1.81578947368,2.13157894737,1.19736842105,1.56578947368,2.65789473684,28.3157894737,2.10526315789,3.90789473684,7.84210526316,1.30263157895,0.697368421053,4.2,40.8947368421,1.15087719298
Brandon Rush,UTA,38,11.0644736842,0.289473684211,0.894736842105,0.342105263158,0.0263157894737,0.921052631579,1.05263157895,0.631578947368,11.4736842105,1.55263157895,0.210526315789,1.86842105263,0.236842105263,0.131578947368,4.2,14.8157894737,0.389473684211
Mike Scott,ATL,79,18.5172995781,0.126582278481,0.430379746835,0.354430379747,1.87341772152,2.3164556962,3.30379746835,0.607594936709,20.6329113924,1.91139240506,1.91139240506,4.45569620253,0.0886075949367,0.379746835443,4.3,30.9746835443,0.587341772152
Jeremy Evans,UTA,66,18.3553030303,0.0,0.348484848485,0.0454545454545,1.33333333333,0.030303030303,1.48484848485,0.106060606061,23.5606060606,1.63636363636,3.10606060606,5.33333333333,0.69696969697,0.636363636364,4.4,30.196969697,0.544191919192
Nene,WAS,53,29.5952830189,0.0,0.396226415094,0.358490566038,2.94339622642,0.0754716981132,3.16981132075,0.754716981132,32.9433962264,5.79245283019,2.66037735849,6.92452830189,0.88679245283,1.20754716981,3.9,50.1698113208,1.46100628931
John Henson,MIL,69,26.6963768116,0.0,0.536231884058,0.144927536232,4.0,0.0144927536232,0.768115942029,0.347826086957,31.7246376812,3.13043478261,4.15942028986,7.53623188406,1.66666666667,0.565217391304,4.1,44.6376811594,1.09589371981
Andrew Nicholson,ORL,76,15.5074561404,0.0394736842105,0.407894736842,0.184210526316,0.736842105263,1.10526315789,2.96052631579,0.223684210526,13.5921052632,0.842105263158,1.60526315789,4.60526315789,0.302631578947,0.236842105263,4.1,20.6842105263,0.49100877193
Nikola Vucevic,ORL,57,31.8847953216,0.0,0.438596491228,0.280701754386,2.87719298246,0.0,3.91228070175,0.473684210526,46.8771929825,3.42105263158,5.08771929825,11.4385964912,0.824561403509,1.05263157895,4.0,63.2105263158,1.38274853801
Shawne Williams,LAL,36,21.0717592593,0.166666666667,0.555555555556,0.194444444444,0.25,3.30555555556,3.63888888889,0.472222222222,27.1388888889,1.30555555556,1.58333333333,6.80555555556,0.833333333333,0.527777777778,4.5,33.9166666667,0.651388888889
Jonas Jerebko,DET,64,11.684375,0.0625,0.421875,0.375,0.4375,1.046875,1.234375,0.6875,13.765625,1.15625,1.65625,3.5,0.09375,0.328125,4.4,18.796875,0.360677083333
Jon Leuer,MEM,49,13.1802721088,0.0408163265306,0.530612244898,0.510204081633,0.897959183673,0.959183673469,2.24489795918,0.816326530612,17.2448979592,1.14285714286,2.22448979592,4.18367346939,0.265306122449,0.367346938776,4.4,24.0408163265,0.584693877551
Kyle O'Quinn,ORL,69,17.3328502415,0.0,0.31884057971,0.144927536232,1.01449275362,0.0144927536232,2.20289855072,0.36231884058,23.9275362319,2.28985507246,2.42028985507,5.79710144928,1.27536231884,0.565217391304,4.0,31.8260869565,0.715217391304
Kelly Olynyk,BOS,70,20.1776190476,0.0714285714286,0.585714285714,0.714285714286,1.2,1.51428571429,2.68571428571,1.17142857143,28.0857142857,2.78571428571,3.94285714286,5.87142857143,0.385714285714,0.5,4.3,38.3142857143,0.755238095238
Nikola Pekovic,MIN,54,30.9851851852,0.0,0.314814814815,0.0185185185185,6.81481481481,0.0,0.388888888889,0.0555555555556,23.0740740741,1.87037037037,7.16666666667,8.2962962963,0.425925925926,0.555555555556,3.9,40.3148148148,1.03395061728
Luis Scola,IND,82,17.1463414634,0.0,0.256097560976,0.390243902439,1.0487804878,0.0609756097561,3.64634146341,0.646341463415,26.0731707317,2.07317073171,2.65853658537,6.21951219512,0.19512195122,0.317073170732,4.3,36.0243902439,0.72012195122
Anderson Varejao,CLE,65,27.8628205128,0.0461538461538,0.446153846154,0.461538461538,1.4,0.0615384615385,2.23076923077,0.815384615385,42.4461538462,4.35384615385,6.10769230769,10.8153846154,0.6,1.06153846154,4.3,53.5076923077,1.27025641026
Pero Antic,ATL,49,18.4976190476,0.122448979592,0.367346938776,0.34693877551,0.755102040816,3.20408163265,3.67346938776,0.755102040816,23.5102040816,2.5306122449,2.04081632653,5.0,0.244897959184,0.367346938776,4.1,32.0816326531,0.642517006803
Matt Bonner,SAS,61,11.4040983607,0.016393442623,0.27868852459,0.393442622951,0.131147540984,1.55737704918,1.70491803279,0.639344262295,15.5573770492,1.09836065574,0.786885245902,3.22950819672,0.180327868852,0.245901639344,4.4,18.7540983607,0.33306010929
Alonzo Gee,CLE,65,15.7474358974,0.153846153846,0.723076923077,0.830769230769,0.261538461538,0.723076923077,1.01538461538,1.70769230769,15.4461538462,1.8,1.13846153846,2.69230769231,0.230769230769,0.6,4.5,20.8923076923,0.586153846154
Amir Johnson,TOR,76,28.8109649123,0.0657894736842,0.210526315789,0.565789473684,2.13157894737,0.723684210526,1.72368421053,0.934210526316,36.6973684211,2.77631578947,4.85526315789,7.78947368421,1.15789473684,0.736842105263,4.0,48.1578947368,0.931359649123
Greg Monroe,DET,82,33.0882113821,0.0121951219512,0.256097560976,1.08536585366,2.57317073171,0.0,0.878048780488,1.60975609756,33.9390243902,4.4756097561,6.48780487805,9.89024390244,0.573170731707,1.10975609756,3.9,51.8902439024,1.5493902439
Michael Kidd-Gilchrist,CHA,61,24.143442623,0.0,0.262295081967,1.03278688525,1.13114754098,0.147540983607,1.3606557377,1.73770491803,18.0,2.04918032787,3.4262295082,5.98360655738,0.639344262295,0.704918032787,4.4,26.606557377,0.83087431694
Jermaine O'Neal,GSW,43,20.1837209302,0.0,0.302325581395,0.0232558139535,1.6976744186,0.0,0.53488372093,0.093023255814,15.7906976744,1.02325581395,3.44186046512,6.86046511628,0.93023255814,0.302325581395,3.8,24.3023255814,0.669379844961
Jason Smith,NOP,31,26.8478494624,0.0,0.387096774194,0.516129032258,1.03225806452,0.0,6.1935483871,0.709677419355,37.935483871,2.45161290323,3.22580645161,6.64516129032,0.935483870968,0.354838709677,4.2,49.8064516129,0.958602150538
Ekpe Udoh,MIL,42,19.2599206349,0.0,0.309523809524,0.166666666667,1.14285714286,0.0,0.666666666667,0.333333333333,21.1666666667,1.52380952381,2.88095238095,4.78571428571,1.04761904762,0.357142857143,4.0,26.7142857143,0.638492063492
Andrew Bogut,GSW,66,26.6297979798,0.0,0.181818181818,0.378787878788,1.83333333333,0.0,0.0909090909091,0.575757575758,32.6212121212,3.31818181818,4.34848484848,10.5757575758,1.78787878788,0.681818181818,3.9,40.6515151515,1.06818181818
Joakim Noah,CHI,80,35.3922916667,0.0125,0.325,1.175,2.2625,0.0125,1.6875,1.9,67.3625,10.275,6.3625,11.7875,1.5125,1.2375,4.1,83.725,2.15625
Thomas Robinson,POR,70,12.5166666667,0.0,0.257142857143,0.285714285714,0.628571428571,0.0142857142857,0.885714285714,0.614285714286,13.4714285714,1.04285714286,2.97142857143,4.72857142857,0.285714285714,0.328571428571,4.3,19.9428571429,0.472142857143
Tyson Chandler,NYK,55,30.3509090909,0.0,0.0909090909091,0.163636363636,2.21818181818,0.0181818181818,0.581818181818,0.345454545455,30.9272727273,2.58181818182,4.83636363636,10.0727272727,1.14545454545,0.654545454545,3.8,40.1454545455,0.946060606061
Ed Davis,MEM,63,15.2746031746,0.0,0.238095238095,0.047619047619,1.66666666667,0.0,0.777777777778,0.0793650793651,16.0793650794,0.984126984127,3.52380952381,4.53968253968,0.68253968254,0.269841269841,4.2,22.4920634921,0.47037037037
Robin Lopez,POR,82,31.937601626,0.0,0.256097560976,0.0609756097561,2.37804878049,0.0121951219512,1.0487804878,0.0975609756098,24.5853658537,2.03658536585,7.40243902439,8.4756097561,1.69512195122,0.30487804878,4.1,35.7317073171,0.731910569106
Zaza Pachulia,MIL,52,25.3266025641,0.0,0.326923076923,0.115384615385,1.92307692308,0.0192307692308,1.86538461538,0.307692307692,30.9807692308,4.82692307692,5.11538461538,6.67307692308,0.269230769231,0.865384615385,3.9,42.0384615385,1.09903846154
Anthony Tolliver,CHA,63,20.4521164021,0.031746031746,0.190476190476,0.190476190476,0.142857142857,3.7619047619,3.96825396825,0.301587301587,18.6825396825,1.60317460317,0.793650793651,3.65079365079,0.238095238095,0.285714285714,4.2,24.6031746032,0.417195767196
Gerald Wallace,BOS,58,24.6482758621,0.189655172414,0.344827586207,0.51724137931,0.862068965517,0.844827586207,0.931034482759,1.41379310345,29.8103448276,4.39655172414,1.3275862069,4.94827586207,0.241379310345,1.25862068966,4.0,37.4827586207,1.2117816092
Brandan Wright,DAL,58,18.6790229885,0.0,0.189655172414,0.224137931034,2.22413793103,0.0,0.5,0.258620689655,14.7586206897,1.3275862069,2.87931034483,4.3275862069,0.948275862069,0.551724137931,4.0,22.4827586207,0.437356321839
Tyler Zeller,CLE,70,15.0530952381,0.0,0.1,0.114285714286,1.5,0.0142857142857,0.885714285714,0.214285714286,14.1857142857,0.885714285714,2.78571428571,4.55714285714,0.542857142857,0.257142857143,4.3,20.4,0.40380952381
Donatas Motiejunas,HOU,62,15.4682795699,0.0645161290323,0.161290322581,0.274193548387,1.24193548387,1.25806451613,1.46774193548,0.516129032258,19.7903225806,1.45161290323,1.91935483871,4.62903225806,0.338709677419,0.322580645161,4.4,26.7096774194,0.476075268817
DeJuan Blair,DAL,78,15.6237179487,0.0128205128205,0.153846153846,0.0384615384615,1.70512820513,0.0128205128205,0.679487179487,0.0769230769231,14.7307692308,1.52564102564,3.85897435897,5.20512820513,0.269230769231,0.769230769231,3.9,22.0128205128,0.445085470085
Nick Collison,OKC,81,16.8279835391,0.0123456790123,0.123456790123,0.123456790123,0.617283950617,0.197530864198,0.740740740741,0.308641975309,26.5925925926,2.69135802469,2.53086419753,4.3950617284,0.345679012346,0.37037037037,4.4,31.9135802469,0.606995884774
Dante Cunningham,MIN,81,20.3475308642,0.0246913580247,0.20987654321,0.111111111111,0.604938271605,0.0246913580247,4.14814814815,0.197530864198,27.7777777778,2.04938271605,2.92592592593,5.1975308642,0.716049382716,0.765432098765,4.4,35.4814814815,0.692181069959
Brandon Davies,PHI,51,11.3382352941,0.0,0.137254901961,0.0980392156863,0.862745098039,0.156862745098,0.56862745098,0.196078431373,13.7254901961,1.1568627451,2.43137254902,2.43137254902,0.156862745098,0.470588235294,4.5,17.7058823529,0.358823529412
Al Harrington,WAS,33,15.0742424242,0.0909090909091,0.545454545455,1.15151515152,0.454545454545,2.75757575758,2.93939393939,1.72727272727,16.7272727273,1.48484848485,1.0,3.33333333333,0.0,0.393939393939,3.9,25.0303030303,0.530303030303
Jordan Hill,LAL,72,20.9465277778,0.0,0.208333333333,0.166666666667,2.15277777778,0.0138888888889,1.34722222222,0.263888888889,24.8888888889,1.47222222222,5.18055555556,7.51388888889,0.888888888889,0.402777777778,4.2,35.375,0.872453703704
Miles Plumlee,PHX,80,24.7058333333,0.0,0.1875,0.1125,3.2,0.0,0.3,0.15,29.2125,1.65,4.9125,9.05,1.125,0.625,4.2,39.05,0.945625
Anthony Randolph,DEN,43,12.3337209302,0.116279069767,0.604651162791,0.395348837209,0.162790697674,1.25581395349,1.79069767442,0.651162790698,12.976744186,1.58139534884,1.09302325581,3.58139534884,0.441860465116,0.604651162791,4.1,19.0930232558,0.590310077519
Amar'e Stoudemire,NYK,65,22.6825641026,0.0,0.230769230769,0.261538461538,1.50769230769,0.0,2.29230769231,0.369230769231,17.9076923077,1.35384615385,3.46153846154,5.75384615385,0.569230769231,0.353846153846,3.8,30.6461538462,0.865384615385
Robert Sacre,LAL,65,16.8612820513,0.0,0.261538461538,0.107692307692,1.70769230769,0.0,1.21538461538,0.169230769231,20.3076923077,1.90769230769,2.58461538462,4.76923076923,0.723076923077,0.369230769231,4.1,27.1076923077,0.638974358974
Kevin Seraphin,WAS,53,10.9902515723,0.0,0.264150943396,0.0566037735849,1.35849056604,0.0,0.88679245283,0.0754716981132,11.4339622642,0.849056603774,2.05660377358,2.56603773585,0.490566037736,0.0566037735849,4.2,17.0377358491,0.381132075472
Alexis Ajinca,NOP,56,17.0925595238,0.0178571428571,0.107142857143,0.142857142857,1.48214285714,0.0,1.26785714286,0.25,20.3928571429,1.41071428571,3.25,5.32142857143,0.821428571429,0.410714285714,4.2,27.1964285714,0.625892857143
Samuel Dalembert,DAL,80,20.22625,0.0125,0.0625,0.0375,2.125,0.0,0.6125,0.075,17.45,1.0125,4.125,7.1625,1.175,0.5125,4.2,24.7125,0.482083333333
Andre Drummond,DET,81,32.5220164609,0.0,0.0987654320988,0.0493827160494,3.0987654321,0.0246913580247,0.0864197530864,0.123456790123,26.6543209877,0.876543209877,7.82716049383,11.3209876543,1.61728395062,1.24691358025,4.1,40.3209876543,0.811111111111
Archie Goodwin,PHX,52,10.3371794872,0.153846153846,0.269230769231,1.09615384615,0.307692307692,0.519230769231,0.557692307692,1.84615384615,9.53846153846,0.865384615385,1.03846153846,2.09615384615,0.211538461538,0.384615384615,4.4,14.6153846154,0.60608974359
Udonis Haslem,MIA,46,14.2916666667,0.0,0.0652173913043,0.0434782608696,0.826086956522,0.0,1.32608695652,0.108695652174,13.1304347826,0.521739130435,2.15217391304,4.91304347826,0.326086956522,0.239130434783,4.0,17.9782608696,0.328985507246
Kosta Koufos,MEM,80,16.9647916667,0.0,0.175,0.075,2.55,0.0,0.65,0.125,20.7,1.125,3.5375,5.725,0.8875,0.4,4.2,28.5125,0.630416666667
Jason Maxiell,ORL,34,14.3975490196,0.0,0.235294117647,0.0,1.38235294118,0.0,0.941176470588,0.0588235294118,13.5588235294,0.647058823529,1.70588235294,3.47058823529,0.588235294118,0.235294117647,4.2,17.5,0.307352941176
Timofey Mozgov,DEN,82,21.7416666667,0.0121951219512,0.0609756097561,0.0609756097561,3.14634146341,0.268292682927,0.756097560976,0.0853658536585,24.6829268293,1.57317073171,4.34146341463,7.37804878049,1.21951219512,0.329268292683,4.4,34.7926829268,0.707113821138
Tiago Splitter,SAS,59,21.6689265537,0.0338983050847,0.101694915254,0.0508474576271,3.23728813559,0.0169491525424,0.186440677966,0.169491525424,27.0677966102,2.93220338983,4.47457627119,7.01694915254,0.525423728814,0.491525423729,4.3,36.4745762712,0.772598870056
Chris Andersen,MIA,72,19.5418981481,0.0138888888889,0.0416666666667,0.0138888888889,1.48611111111,0.138888888889,0.388888888889,0.0555555555556,15.1388888889,0.888888888889,2.88888888889,6.06944444444,1.34722222222,0.444444444444,4.1,21.0972222222,0.38125
Jeff Ayres,SAS,73,13.1410958904,0.0,0.013698630137,0.0,1.01369863014,0.0,0.315068493151,0.013698630137,17.5616438356,1.49315068493,2.17808219178,4.19178082192,0.342465753425,0.178082191781,4.2,21.5068493151,0.421689497717
Bismack Biyombo,CHA,76,14.0265350877,0.0,0.0526315789474,0.0,1.09210526316,0.0,0.171052631579,0.0526315789474,8.15789473684,0.368421052632,2.81578947368,5.23684210526,1.13157894737,0.0921052631579,4.1,11.5657894737,0.249780701754
Joel Freeland,POR,52,14.0288461538,0.0,0.134615384615,0.0192307692308,0.884615384615,0.0384615384615,1.09615384615,0.0769230769231,12.7115384615,1.17307692308,3.28846153846,4.5,0.423076923077,0.192307692308,4.2,17.3076923077,0.325320512821
Dwight Howard,HOU,71,33.9720657277,0.0281690140845,0.0845070422535,0.197183098592,4.49295774648,0.0704225352113,0.239436619718,0.30985915493,40.8169014085,3.52112676056,4.88732394366,13.323943662,1.80281690141,0.845070422535,3.8,60.0563380282,1.77300469484
Tyler Hansbrough,TOR,63,15.3523809524,0.015873015873,0.0952380952381,0.031746031746,0.984126984127,0.015873015873,0.285714285714,0.174603174603,16.7301587302,0.730158730159,4.04761904762,4.5873015873,0.301587301587,0.444444444444,4.2,22.1428571429,0.472486772487
DeAndre Jordan,LAC,82,35.2595528455,0.0,0.0121951219512,0.0609756097561,2.67073170732,0.0,0.0487804878049,0.0975609756098,40.0,1.4756097561,5.79268292683,13.512195122,2.4756097561,0.975609756098,3.8,49.9634146341,0.855691056911
Andrei Kirilenko,BKN,44,19.034469697,0.0,0.0909090909091,0.454545454545,1.09090909091,0.113636363636,0.545454545455,1.02272727273,18.25,2.56818181818,2.47727272727,3.68181818182,0.409090909091,0.909090909091,4.3,25.3636363636,0.732196969697
Ian Mahinmi,IND,77,16.3112554113,0.0,0.012987012987,0.038961038961,0.948051948052,0.012987012987,0.454545454545,0.0779220779221,12.8701298701,0.922077922078,3.0,3.83116883117,0.935064935065,0.532467532468,4.0,17.025974026,0.338095238095
Mason Plumlee,BKN,69,18.5314009662,0.0289855072464,0.0724637681159,0.130434782609,2.01449275362,0.0,0.0724637681159,0.347826086957,19.1304347826,1.69565217391,3.26086956522,5.36231884058,0.797101449275,0.710144927536,4.3,26.4782608696,0.663285024155
Greg Stiemsma,NOP,55,18.4096969697,0.0,0.0363636363636,0.0181818181818,0.890909090909,0.0,0.363636363636,0.145454545455,25.5636363636,1.65454545455,2.90909090909,5.4,1.03636363636,0.636363636364,4.2,29.4545454545,0.586363636364
Jonas Valanciunas,TOR,80,28.4264583333,0.0,0.0625,0.15,3.475,0.0125,1.3125,0.2375,33.65,1.5,5.675,9.8625,0.8875,0.3,4.1,46.35,1.14541666667
Omer Asik,HOU,48,20.2524305556,0.0,0.0416666666667,0.0208333333333,1.77083333333,0.0,0.166666666667,0.125,24.2291666667,1.20833333333,3.66666666667,8.45833333333,0.770833333333,0.291666666667,3.9,31.1875,0.604513888889
Steven Adams,OKC,81,14.9228395062,0.0,0.0,0.0493827160494,0.962962962963,0.0,0.135802469136,0.0617283950617,15.5925925926,0.975308641975,3.38271604938,4.2962962963,0.703703703704,0.493827160494,4.3,19.950617284,0.438065843621
Vitor Faverani,BOS,37,13.3058558559,0.0540540540541,0.135135135135,0.0,1.2972972973,1.02702702703,1.48648648649,0.0540540540541,19.1891891892,0.972972972973,2.05405405405,4.59459459459,0.72972972973,0.378378378378,4.1,25.0540540541,0.544144144144
Kenyon Martin,NYK,32,19.8885416667,0.0,0.03125,0.3125,1.21875,0.03125,1.0625,0.3125,20.40625,2.9375,1.8125,4.84375,0.84375,0.78125,3.7,26.03125,0.741666666667
Kendrick Perkins,OKC,62,19.6287634409,0.0161290322581,0.161290322581,0.161290322581,0.91935483871,0.0,0.258064516129,0.258064516129,24.2419354839,1.90322580645,2.54838709677,5.88709677419,0.516129032258,0.41935483871,3.9,29.8387096774,0.714784946237
Andre Roberson,OKC,40,10.0454166667,0.0,0.05,0.175,0.275,0.325,0.375,0.325,8.025,0.975,1.5,2.4,0.25,0.475,4.6,10.6,0.232916666667
Ronny Turiaf,MIN,31,19.4655913978,0.0,0.0645161290323,0.0322580645161,1.61290322581,0.0,0.0645161290323,0.129032258065,19.0967741935,2.06451612903,3.06451612903,6.74193548387,1.61290322581,0.258064516129,3.8,24.5161290323,0.587634408602
Jeff Withey,NOP,58,11.8781609195,0.0,0.0,0.172413793103,1.0,0.0172413793103,0.137931034483,0.241379310345,13.6206896552,0.706896551724,2.08620689655,3.36206896552,0.862068965517,0.258620689655,4.3,17.224137931,0.320689655172
Rudy Gay,TOTAL,72,34.8076388889,0.805555555556,5.48611111111,3.40277777778,1.54166666667,1.72222222222,2.55555555556,5.13888888889,32.8055555556,5.93055555556,3.23611111111,6.69444444444,0.777777777778,1.27777777778,4.1,56.9583333333,2.78564814815
Jordan Crawford,TOTAL,81,23.1362139918,1.72839506173,4.55555555556,2.11111111111,0.197530864198,1.67901234568,1.81481481481,3.9012345679,34.5802469136,7.0,0.666666666667,2.75308641975,0.0617283950617,0.58024691358,3.9,49.2592592593,4.08333333333
D.J. Augustin,TOTAL,70,27.6061904762,2.01428571429,4.18571428571,2.11428571429,0.1,2.47142857143,2.51428571429,4.88571428571,54.4,9.87142857143,0.785714285714,2.47142857143,0.0428571428571,0.742857142857,4.2,71.2142857143,6.19833333333
Evan Turner,TOTAL,81,30.4139917695,0.358024691358,4.38271604938,3.3950617284,0.753086419753,1.51851851852,2.53086419753,5.44444444444,36.024691358,6.69135802469,1.55555555556,6.71604938272,0.0864197530864,0.827160493827,4.1,55.5555555556,2.48004115226
Jerryd Bayless,TOTAL,72,23.5884259259,0.722222222222,3.875,1.11111111111,0.0972222222222,2.20833333333,2.75,2.51388888889,32.2222222222,5.76388888889,0.555555555556,2.875,0.125,0.833333333333,4.0,45.1111111111,3.12893518519
Courtney Lee,TOTAL,79,25.0907172996,0.227848101266,2.53164556962,1.06329113924,0.227848101266,2.20253164557,2.96202531646,1.50632911392,24.0632911392,3.32911392405,0.645569620253,3.05063291139,0.354430379747,0.822784810127,4.2,34.5443037975,1.37700421941
Gary Neal,TOTAL,51,21.4107843137,1.50980392157,4.39215686275,1.29411764706,0.078431372549,1.80392156863,2.80392156863,2.29411764706,23.0588235294,3.66666666667,0.43137254902,2.52941176471,0.0,0.333333333333,4.1,35.3725490196,1.48431372549
Luol Deng,TOTAL,63,35.2605820106,0.349206349206,3.47619047619,1.79365079365,1.30158730159,2.53968253968,4.11111111111,3.0,33.253968254,5.39682539683,2.90476190476,6.79365079365,0.142857142857,0.984126984127,4.1,52.8412698413,1.63095238095
Greivis Vasquez,TOTAL,78,22.7294871795,0.769230769231,2.34615384615,2.42307692308,0.102564102564,2.89743589744,2.97435897436,3.69230769231,44.6794871795,8.34615384615,0.410256410256,3.12820512821,0.0641025641026,0.384615384615,4.2,58.5256410256,4.69294871795
Aaron Brooks,TOTAL,72,21.7886574074,1.33333333333,2.68055555556,2.55555555556,0.152777777778,2.0,2.05555555556,5.13888888889,27.8194444444,6.30555555556,0.972222222222,2.34722222222,0.180555555556,0.722222222222,4.2,40.1111111111,3.12824074074
Luke Ridnour,TOTAL,60,18.9291666667,0.766666666667,3.0,0.766666666667,0.0333333333333,0.95,1.3,1.63333333333,33.4666666667,5.95,0.616666666667,1.96666666667,0.133333333333,0.533333333333,4.3,41.9333333333,3.105
Caron Butler,TOTAL,55,25.5448484848,0.818181818182,3.2,0.436363636364,0.345454545455,3.58181818182,5.14545454545,0.872727272727,27.4,2.65454545455,0.690909090909,6.23636363636,0.309090909091,0.854545454545,3.8,39.7818181818,1.13909090909
Jimmer Fredette,TOTAL,49,10.6659863946,0.959183673469,2.42857142857,0.877551020408,0.102040816327,0.734693877551,0.938775510204,1.79591836735,15.306122449,2.55102040816,0.326530612245,1.32653061224,0.0612244897959,0.285714285714,4.3,22.7346938776,1.77857142857
Marcus Thornton,TOTAL,71,24.2516431925,0.929577464789,2.14084507042,1.0985915493,0.338028169014,3.29577464789,3.94366197183,1.61971830986,16.5211267606,2.01408450704,1.98591549296,3.21126760563,0.154929577465,0.802816901408,4.0,27.9436619718,1.15516431925
Kent Bazemore,TOTAL,67,13.715920398,0.940298507463,2.0,1.37313432836,0.0597014925373,0.910447761194,1.0,2.4776119403,15.2835820896,2.44776119403,0.358208955224,2.83582089552,0.194029850746,0.641791044776,4.4,23.3880597015,1.24303482587
John Salmons,TOTAL,77,22.1590909091,0.25974025974,2.15584415584,0.636363636364,0.168831168831,1.67532467532,1.8961038961,1.92207792208,20.5974025974,4.25974025974,0.415584415584,3.23376623377,0.246753246753,0.597402597403,3.9,27.7012987013,1.01406926407
Ramon Sessions,TOTAL,83,26.8052208835,0.542168674699,2.0843373494,3.78313253012,0.373493975904,0.927710843373,1.40963855422,7.34939759036,43.9638554217,8.42168674699,0.89156626506,2.95180722892,0.10843373494,0.590361445783,4.1,60.5542168675,4.22530120482
Steve Blake,TOTAL,55,27.446969697,0.963636363636,2.54545454545,0.672727272727,0.109090909091,2.74545454545,3.05454545455,3.70909090909,47.3272727273,11.0545454545,0.381818181818,4.18181818182,0.145454545455,0.981818181818,4.4,58.7818181818,4.49484848485
Derrick Williams,TOTAL,77,23.4781385281,0.272727272727,1.33766233766,0.74025974026,0.948051948052,0.961038961039,1.37662337662,1.15584415584,20.6493506494,1.62337662338,1.41558441558,4.7012987013,0.25974025974,0.61038961039,4.0,30.2727272727,0.872077922078
Spencer Hawes,TOTAL,80,30.950625,0.2125,1.1,0.95,2.1,3.55,4.4,1.4625,51.075,6.0,3.3625,11.525,1.175,0.55,4.2,66.8,1.53583333333
Beno Udrih,TOTAL,41,15.7890243902,0.19512195122,2.0243902439,0.780487804878,0.146341463415,0.756097560976,1.14634146341,2.39024390244,30.512195122,6.07317073171,0.536585365854,2.0,0.0975609756098,0.560975609756,4.4,38.2195121951,2.75447154472
Jordan Hamilton,TOTAL,60,17.1097222222,0.833333333333,1.46666666667,1.16666666667,0.15,2.28333333333,2.48333333333,2.05,15.1833333333,1.81666666667,1.3,4.63333333333,0.333333333333,0.733333333333,4.3,23.4166666667,0.780833333333
Toney Douglas,TOTAL,51,13.3160130719,0.862745098039,1.35294117647,0.450980392157,0.176470588235,1.09803921569,1.17647058824,1.49019607843,19.1176470588,2.92156862745,0.823529411765,2.11764705882,0.0980392156863,0.372549019608,4.6,24.8235294118,1.48333333333
Glen Davis,TOTAL,68,24.5509803922,0.0294117647059,0.867647058824,0.691176470588,1.35294117647,0.117647058824,3.20588235294,1.11764705882,26.1470588235,2.23529411765,3.08823529412,6.58823529412,0.426470588235,0.852941176471,3.9,37.8529411765,0.936274509804
Andre Miller,TOTAL,57,17.0073099415,0.105263157895,1.0350877193,1.64912280702,0.350877192982,0.210526315789,0.368421052632,2.9649122807,27.5438596491,5.82456140351,1.05263157895,2.82456140351,0.157894736842,0.59649122807,3.8,35.6140350877,2.72280701754
Cartier Martin,TOTAL,59,14.7398305085,0.220338983051,0.745762711864,0.28813559322,0.338983050847,2.23728813559,2.59322033898,0.525423728814,12.7796610169,1.23728813559,0.457627118644,2.72881355932,0.118644067797,0.457627118644,4.3,18.7966101695,0.54604519774
Nando De Colo,TOTAL,47,10.5893617021,0.255319148936,1.0,0.617021276596,0.276595744681,0.851063829787,0.978723404255,1.59574468085,14.5744680851,2.44680851064,0.68085106383,2.31914893617,0.127659574468,0.468085106383,4.7,19.7659574468,1.02269503546
Patrick Patterson,TOTAL,64,23.6546875,0.03125,0.59375,0.3125,0.9375,2.265625,4.3125,0.546875,30.171875,2.28125,2.96875,5.453125,0.5625,0.84375,4.1,39.75,0.745572916667
Danny Granger,TOTAL,41,20.7995934959,0.146341463415,1.24390243902,0.780487804878,0.536585365854,2.90243902439,3.58536585366,1.78048780488,17.5609756098,2.34146341463,1.51219512195,4.0243902439,0.414634146341,0.292682926829,4.0,27.8780487805,0.869512195122
Eric Maynor,TOTAL,31,10.5940860215,0.258064516129,1.48387096774,0.612903225806,0.0322580645161,0.903225806452,0.935483870968,1.32258064516,21.9677419355,3.61290322581,0.548387096774,1.38709677419,0.0967741935484,0.290322580645,4.3,27.7419354839,1.96451612903
Earl Clark,TOTAL,54,14.2799382716,0.111111111111,0.851851851852,0.777777777778,0.111111111111,2.12962962963,2.68518518519,1.12962962963,14.4074074074,0.814814814815,0.666666666667,3.62962962963,0.462962962963,0.314814814815,4.4,20.5925925926,0.503703703704
Marquis Teague,TOTAL,40,11.12875,0.225,0.875,1.275,0.075,0.225,0.325,2.65,18.75,3.275,0.225,1.25,0.125,0.25,3.9,24.375,2.30375
Jeff Adrien,TOTAL,53,18.2103773585,0.0,0.415094339623,0.207547169811,1.98113207547,0.0,0.698113207547,0.471698113208,20.2641509434,1.45283018868,4.1320754717,6.11320754717,0.679245283019,0.452830188679,3.9,28.0754716981,0.638364779874
Lavoy Allen,TOTAL,65,16.6130769231,0.0,0.138461538462,0.0461538461538,1.49230769231,0.2,1.8,0.123076923077,25.3076923077,2.21538461538,3.55384615385,5.0,0.507692307692,0.369230769231,4.2,31.5846153846,0.611025641026
Quincy Acy,TOTAL,63,13.485978836,0.0,0.126984126984,0.142857142857,0.507936507937,0.222222222222,0.603174603175,0.269841269841,15.6825396825,0.888888888889,2.53968253968,3.98412698413,0.412698412698,0.365079365079,4.4,19.6349206349,0.371428571429
Luc Mbah a Moute,TOTAL,64,15.73203125,0.0,0.234375,0.5,0.53125,0.25,0.828125,0.78125,12.640625,1.171875,1.703125,2.53125,0.21875,0.46875,4.1,17.203125,0.394270833333
Henry Sims,TOTAL,46,19.1047101449,0.0217391304348,0.260869565217,0.195652173913,1.73913043478,0.0,1.47826086957,0.282608695652,20.9782608696,2.32608695652,4.52173913043,5.30434782609,0.434782608696,0.608695652174,4.2,29.9565217391,0.722826086957
Jan Vesely,TOTAL,54,14.462654321,0.0,0.12962962963,0.0740740740741,1.14814814815,0.0,0.333333333333,0.166666666667,17.2592592593,1.03703703704,2.77777777778,3.27777777778,0.648148148148,0.981481481481,4.5,21.8518518519,0.372839506173
Dewayne Dedmon,TOTAL,31,12.6844086022,0.0,0.0645161290323,0.0,0.838709677419,0.0,0.451612903226,0.0,14.6451612903,0.41935483871,2.38709677419,3.8064516129,0.709677419355,0.225806451613,4.3,18.5483870968,0.363978494624
Reggie Evans,TOTAL,54,16.7018518519,0.0,0.0185185185185,0.0740740740741,1.25925925926,0.0,0.0925925925926,0.203703703704,15.8148148148,0.833333333333,4.2037037037,5.94444444444,0.0555555555556,0.685185185185,4.0,21.2962962963,0.534259259259
Charles Hayes,TOTAL,60,12.2311111111,0.0,0.0,0.0833333333333,1.03333333333,0.0,0.0333333333333,0.133333333333,15.3166666667,1.21666666667,2.23333333333,3.78333333333,0.2,0.566666666667,3.9,18.8166666667,0.384166666667
